code_uic;libelle_point_d_arret;libelle;libelle_stif_info_voyageurs;libelle_sms_gare;nom_gare;adresse;code_insee_commune;commune;x_lambert_ii_etendu;y_lambert_ii_etendu;coord_gps_wgs84;zone_navigo;gare_non_sncf
87001479;AEROPORT CHARLES DE GAULLE 2 TGV - Roissy;AEROPORT CHARLES DE GAULLE 2 TGV;AEROPORT CDG 2 TGV;Roissy CDG 2;Aéroport Charles-de-Gaulle 2 RER;;93073;Tremblay-en-France;617208;2445134;49.0040985205, 2.57154696503;5;0
87113217;NOISY LE SEC;NOISY LE SEC;GARE DE NOISY LE SEC;Noisy le Sec;Noisy-le-Sec;Rue de la gare 93130 Noisy le sec;93053;Noisy-le-Sec;609055;2433165;48.896702921, 2.45993049229;3;0
87113712;VAL DE FONTENAY;VAL DE FONTENAY;GARE DE VAL DE FONTENAY;Val de Font.;Val de Fontenay;10 avenue du Val de Fontenay 94120 Fontenay-sous-Bois;94033;Fontenay-sous-Bois;611300;2428798;48.8574201112, 2.49041522851;3;0
87113845;LES COQUETIERS (T4);LES COQUETIERS;LES COQUETIERS;;Les Coquetiers;;93077;Bondy;611873;2432679;48.892289456, 2.49832798223;3;0
87116012;GRETZ ARMAINVILLIERS;GRETZ ARMAINVILLIERS;GARE DE GRETZ ARMAINVILLIERS;Gretz;Gretz-Armainvilliers;Avenue de la Liberté 77220 Gretz-Armainvilliers;77215;Gretz-Armainvilliers;628860;2416398;48.7454247254, 2.72874414729;5;0
87116087;MORMANT;MORMANT;GARE DE MORMANT;Mormant;Mormant;Place de la gare 77720 Mormant;77317;Mormant;640790;2401762;48.613224928, 2.88948293637;5;0
87116103;MEAUX;MEAUX;GARE DE MEAUX;Meaux;Meaux;Place de la gare 77100 Meaux;77284;Meaux;639385;2440056;48.9574880158, 2.87398151191;5;0
87116210;TOURNAN;TOURNAN;GARE DE TOURNAN;Tournan;Tournan;1 rue Georges Clémenceau 77220 TOURNAN-EN-BRIE;77470;Tournan-en-Brie;631119;2415717;48.7391987163, 2.7593959944;5;0
87116301;COULOMMIERS;COULOMMIERS;GARE DE COULOMMIERS;;Coulommiers;Place du 8 mai 1945 77120 Coulommiers;77131;Coulommiers;654789;2423522;48.8077692012, 3.08204722637;5;0
87116368;SAINT-SIMEON;SAINT-SIMEON;GARE DE ST SIMEON;;Saint-Siméon;La montagne 77169 Saint-Siméon;77436;Saint-Siméon;664099;2422718;48.7996831102, 3.20860208784;5;0
87116392;LA FERTE GAUCHER;LA FERTE GAUCHER;GARE DE LA FERTE GAUCHER;;La Ferté-Gaucher;;77182;La Ferté-Gaucher;670660;2420906;48.7827110308, 3.29755777978;5;0
87116558;NANTEUIL SAACY;NANTEUIL SAACY;GARE DE NANTEUIL SAACY;Nanteuil S.;Nanteuil-sur-Marne - Saâcy-sur-Marne;Avenue du Général Leclerc 77730 Saâcy-sur-Marne;77397;Saâcy-sur-Marne;664684;2442118;48.9739654548, 3.21952329256;5;0
87116665;MAREUIL SUR OURCQ;MAREUIL SUR OURCQ;GARE DE MAREUIL SUR OURCQ;;Mareuil-sur-Ourcq;;60280;Gourchelles;653949;2459972;49.1353860698, 3.0752747316;100;0
87164780;STADE DE FRANCE SAINT-DENIS;STADE DE FRANCE SAINT-DENIS;GARE DE STADE DE FRANCE ST DENIS;Stade de Fr.;Saint-Denis la Plaine Stade de France;Place aux Etoiles 93200 St Denis;93066;Saint-Denis;601060;2435477;48.9175433405, 2.35095898431;2;0
87271163;PIERREFITTE STAINS;PIERREFITTE STAINS;GARE DE PIERREFITTE STAINS;Pierrefitte;Pierrefitte-sur-Seine - Stains;1 Place du Général Leclerc 93380 Pierrefite sur Seine;93059;Pierrefitte-sur-Seine;602614;2440660;48.9641176453, 2.37218092579;4;0
87271395;LE BOURGET;LE BOURGET;GARE DU BOURGET;Le Bourget;Le Bourget;Place des Déportés, 93350 Le Bourget;93013;Le Bourget;606545;2436965;48.9308838397, 2.42577594169;3;0
87271411;AULNAY SOUS BOIS;AULNAY SOUS BOIS;GARE D'AULNAY SOUS BOIS;Aulnay;Aulnay-sous-Bois;4 Bld du 11 Nov, 93600 Aulnay Sous Bois;93005;Aulnay-sous-Bois;611577;2437084;48.9318826001, 2.49441371193;4;0
87271460;AEROPORT CHARLES DE GAULLE  1 - Roissy;AEROPORT CHARLES DE GAULLE  1;AEROPORT CDG 1;Roissy CDG 1;Aéroport Charles de Gaulle 2;4 Rue du Versau, 93290 Tremblay en France;93073;Tremblay-en-France;616412;2445760;49.0097447522, 2.56069879391;5;0
87271577;NANTEUIL LE HAUDOIN;NANTEUIL LE HAUDOIN;GARE DE NANTEUIL LE HAUDOIN;;Nanteuil-le-Haudouin;;60446;Nanteuil-le-Haudouin;633394;2460571;49.1421716494, 2.79385216117;100;0
87272047;COMPANS;COMPANS;GARE DE COMPANS;Compans;Compans;Rue saint Lambert 77920 Compans;77123;Compans;624069;2443765;48.9915757372, 2.66518220038;5;0
87272146;LES GRESILLONS;LES GRESILLONS;GARE DES GRESILLONS;Grésillons;Les Grésillons;Avenue des Gresillons 923230 Genneviliers;92036;Gennevilliers;598402;2435767;48.9201482202, 2.31471303257;3;0
87276063;CERNAY;CERNAY;GARE DE CERNAY;Cernay;Cernay;Rue Gallieni 95120 Ermont;95219;Ermont;594159;2443029;48.9853847601, 2.25675064268;4;0
87276147;EPLUCHES;EPLUCHES;GARE D'EPLUCHES;Epluches;Épluches;Impasse de la Gare 95310 Saint-Ouen-l'Aumône;95572;Saint-Ouen-l'Aumône;584312;2450746;49.0545647101, 2.12201152598;5;0
87276196;GARGES SARCELLES;GARGES SARCELLES;GARE DE GARGES SARCELLES;Garges S.;Garges-les-Gonesse - Sarcelles;Boulevard Maurice Thorez 95140 Garges les Gonesses;95268;Garges-les-Gonesse;603969;2442086;48.976925667, 2.39068772914;4;0
87276287;LA BORNE BLANCHE;LA BORNE BLANCHE;GARE DE LA BORNE BLANCHE;Borne Blanch;La Borne Blanche;;60482;Orry-la-Ville;612501;2458661;49.1257586117, 2.5076550049;100;0
87276402;SAINT-LEU D'ESSERENT;SAINT-LEU D'ESSERENT;GARE DE ST LEU D ESSERENT;;Saint-Leu-d'Esserent;;60584;Saint-Leu-d'Esserent;605954;2468490;49.2141661856, 2.41815751212;100;0
87276436;DOMONT;DOMONT;GARE DE DOMONT;Domont;Domont;PLACE DE LA GARE 95330 DOMONT;95199;Domont;600071;2448290;49.0326887538, 2.33747334398;4;0
87276493;MONTSOULT MAFFLIERS;MONTSOULT MAFFLIERS;GARE DE MONTSOULT MAFFLIERS;Montsoult M.;Montsoult - Maffliers;Rue Emile Combres 95560 Montsoult Maffliers;95430;Montsoult;598936;2451983;49.0658729794, 2.32195203517;5;0
87276568;VIARMES;VIARMES;GARE DE VIARMES;Viarmes;Viarmes;Place de la gare 95270 Viarmes;95652;Viarmes;602287;2457596;49.1163064814, 2.36780775232;5;0
87276626;VAUCELLES;VAUCELLES;GARE DE VAUCELLES;Vaucelles;Vaucelles;Rue de Vaucelles 95150 Taverny;95607;Taverny;592260;2447038;49.021390636, 2.23074753167;4;0
87276642;BESSANCOURT;BESSANCOURT;GARE DE BESSANCOURT;Bessancourt;Bessancourt;Avenue Dupressoir de la Chardonnière 95550 Bessancourt;95060;Bessancourt;590746;2448636;49.0357302371, 2.21002564995;5;0
87281873;MAGENTA;MAGENTA;MAGENTA;Magenta;Magenta;160 rue La Fayette 75010 Paris;75110;Paris;601528;2431239;48.8794550031, 2.35732593188;1;0
87332973;SALLE DES FETES (ANGERVILLE);SALLE DES FETES (ANGERVILLE);SALLE DES FETES;;Angerville Salle des Fêtes;;91016;Angerville;575090;2368218;48.312467934, 2.0007574059;5;0
87381020;NEUILLY PORTE MAILLOT - Palais des Congrès;NEUILLY PORTE MAILLOT - Palais des Congrès;NEUILLY PORTE MAILLOT;Neuilly P. M;Neuilly Porte Maillot;82, Avenue de la Grande Armée 75017   Paris;75117;Paris;595981;2431041;48.8776642848, 2.28174383914;1;0
87381129;CLICHY LEVALLOIS;CLICHY LEVALLOIS;GARE DE CLICHY LEVALLOIS;Clichy-L.;Chichy - Levallois-Perret;5 place du 8 mai 1945 92110 Clichy;92044;Clichy;597203;2433183;48.8969214742, 2.29837992753;2;0
87381178;US;US;GARE D'US;;Us;Rue de la Gare 95450 Us;95625;Us;573254;2455807;49.099673443, 1.97050200454;5;0
87381194;CHARS;CHARS;GARE DE CHARS;;Chars;Place de Verdun 95750 Chars;95142;Chars;570820;2462868;49.1630112869, 1.93670257742;5;0
87381244;GISORS;GISORS;GARE DE GISORS;;Gisors;;27284;Gisors;559847;2476541;49.2852574164, 1.78504836506;100;0
87381509;MANTES LA JOLIE;MANTES LA JOLIE;GARE DE MANTES LA JOLIE;Mantes-la-J.;Mantes-la-Jolie;Place du 8 Mai 1945 78200 Mantes la Jolie;78361;Mantes-la-Jolie;553629;2443692;48.9896873515, 1.7032941813;5;0
87381590;MANTES STATION;MANTES STATION;GARE DE MANTES STATION;Mantes-Stat.;Mantes Station;Place de l'Europe 78200 Mantes la Ville;78361;Mantes-la-Jolie;554527;2443009;48.9836142513, 1.71562987614;5;0
87381657;ACHERES VILLE;ACHERES VILLE;GARE D'ACHERES VILLE;Achères-V.;Achères;Rue du Moulin (depuis N186);78005;Achères;581018;2441356;48.9700946335, 2.07739969014;5;0
87381806;TRIEL SUR SEINE;TRIEL SUR SEINE;GARE DE TRIEL SUR SEINE;Triel/Seine;Triel-sur-Seine;Place de la Gare 78510 Triel Sur Seine;78624;Triel-sur-Seine;575765;2442590;48.9810063299, 2.00562594712;5;0
87381889;HERBLAY;HERBLAY;GARE DE HERBLAY;Herblay;Herblay;Place Gabriel Peri 95220 Herblay;95306;Herblay;587220;2443593;48.9903516533, 2.16198853167;4;0
87382218;LA DEFENSE GRANDE ARCHE;LA DEFENSE GRANDE ARCHE;GARE DE LA DEFENSE;La Défense;La Défense;Rue Carpeaux - 92800 Puteaux;92062;Courbevoie;592793;2432805;48.8934895769, 2.23827508094;3;0
87382267;VAUCRESSON;VAUCRESSON;GARE DE VAUCRESSON;Vaucresson;Vaucresson;Place de Charles de Gaulle 92420 Vaucresson;92076;Vaucresson;586489;2426507;48.836784962, 2.15255479028;4;0
87382374;SURESNES MONT VALERIEN;SURESNES MONT VALERIEN;GARE DE SURESNES MONT VALERIEN;Suresnes-MV;Suresnes Mont Valérien;Rue Worth 92150 Suresnes;92073;Suresnes;591530;2430383;48.8717069629, 2.22110944905;3;0
87382481;SAINT-NOM LA BRETECHE FORET DE MARLY;SAINT-NOM LA BRETECHE FORET DE MARLY;GARE DE ST NOM LA BRETECHE FORET DE MARLY;St Nom la B;Saint-Nom-la-Bretèche Forêt de Marly;Route de Saint Nom la Bretèche 78620 L'Etang La Ville;78224;L'Etang-la-Ville;579039;2429991;48.8678965333, 2.05095165696;5;0
87382861;VERSAILLES RIVE DROITE;VERSAILLES RIVE DROITE;GARE DE VERSAILLES RIVE DROITE;VersaillesRD;Versailles Rive Droite;40, Rue du Maréchal Foch 78000  Versailles;78646;Versailles;585225;2423487;48.8096143342, 2.1354511829;4;0
87386300;LES VALLEES;LES VALLEES;GARE DES VALLEES;Les Vallées;Les Vallées;Place des la gare des Vallées 92250 La Garenne Colombes;92035;La Garenne-Colombes;594232;2435024;48.9134465868, 2.25785779479;3;0
87386573;POISSY;POISSY;GARE DE POISSY;Poissy-Talb.;Poissy;Place de la gare par l'Avenue Maurice Berteaux;78498;Poissy;578346;2437255;48.9331553703, 2.04113811959;5;0
87386656;VERNOUILLET VERNEUIL;VERNOUILLET VERNEUIL;GARE DE VERNOUILLET VERNEUIL;Vernouillet;Vernouillet - Verneuil-sur-Seine;Place Charles de Gaulle 78480 Verneuil Sur Seine;78642;Verneuil-sur-Seine;574097;2442641;48.9813992206, 1.98285008374;5;0
87387001;EVREUX;EVREUX;GARE D'EVREUX EMBRANCHEMENT;;Évreux Normandie;;27229;Evreux;513153;2447374;49.0185587603, 1.14988766626;100;0
87393041;PONT DE L'ALMA;PONT DE L'ALMA;PONT DE L ALMA;Pt de l'Alma;Pont de l'Alma;Place de la Résistance 75007   Paris;75107;Paris;597451;2429303;48.8620519436, 2.30178420665;1;0
87393108;MEUDON;MEUDON;GARE DE MEUDON;Meudon;Meudon;Place du 8 Mai 1945 92190 Meudon;92048;Meudon;592979;2424064;48.8149324174, 2.24095618611;3;0
87393124;SEVRES RIVE GAUCHE;SEVRES RIVE GAUCHE;GARE DE SEVRES RIVE GAUCHE;Sèvres RG;Sèvres Rive Gauche;1 Rue Auguste Rodin 92310 Sèvres;92072;Sèvres;591042;2424776;48.8213074115, 2.21458013796;3;0
87393215;VIROFLAY RIVE GAUCHE;VIROFLAY RIVE GAUCHE;GARE DE VIROFLAY RIVE GAUCHE;Viroflay-RG;Viroflay Rive Gauche;1 Rue Riesseuc 78220 Viroflay;78686;Viroflay;587854;2422512;48.8009065351, 2.17125395986;3;0
87393314;RAMBOUILLET;RAMBOUILLET;GARE DE RAMBOUILLET;Rambouillet;Rambouillet;1 Place Fernand Prudhomme 78120 Rambouillet;78517;Rambouillet;562748;2405139;48.6437876582, 1.83120236411;5;0
87393413;VILLEPREUX LES CLAYES;VILLEPREUX LES CLAYES;GARE DE VILLEPREUX LES CLAYES;Villepreux;Villepreux - Les Clayes-sous-Bois;Allée de la Gare 78340 Les Clayes Sous Bois;78165;Les Clayes-sous-Bois;574758;2425125;48.8240093053, 1.99292226774;5;0
87393488;DREUX;DREUX;GARE DE DREUX;;Dreux;;28134;Dreux;528915;2415183;48.7312168411, 1.37063305623;100;0
87393561;IGNY;IGNY;GARE D'IGNY;Igny;Igny;1, Avenue Jean Jaurès 91430   Igny;91312;Igny;592247;2415729;48.7400090233, 2.23114741428;4;0
87393629;PLAISIR LES CLAYES;PLAISIR LES CLAYES;GARE DE PLAISIR LES CLAYES;Plaisir;Plaisir - Les Clayes-sous-Bois;Rue des Vicomtes 78730 Plaisir;78490;Plaisir;572346;2425879;48.8306864145, 1.96004233912;5;0
87393843;SAINT-QUENTIN EN YVELINES;SAINT-QUENTIN EN YVELINES;GARE DE ST QUENTIN EN YVELINES;St Quentin;Saint-Quentin en Yvelines;Place Charles de Gaulle 78180 Montigny le Bretonneux;78423;Montigny-le-Bretonneux;578546;2421099;48.7879626643, 2.04468643564;5;0
87394148;SAINT-PIAT;SAINT-PIAT;GARE DE ST PIAT;;Saint-Piat;;28357;Saint-Piat;544867;2394007;48.5424409263, 1.59010244864;100;0
87419952;SERANS;Serans;GARE DE SERANS;;Serans;;60614;Serans;563474;2465450;49.1858313836, 1.83583096064;100;0
87430884;JOUY SUR MORIN MONUMENT;JOUY SUR MORIN MONUMENT;JOUY SUR MORIN MONUMENT;;Jouy-sur-Morin Monument aux Morts;;77240;Jouy-sur-Morin;668922;2421772;48.7906825339, 3.27406177755;5;0
87540179;DOURDAN LA FORET;DOURDAN LA FORET;GARE DE DOURDAN LA FORET;Dourdan La F;Dourdan la Forêt;Chemin du Champ de course 91410   Dourdan;91200;Dourdan;574762;2393047;48.5356737195, 1.99487866205;5;0
87545145;ETRECHY;ETRECHY;GARE D'ETRECHY;Etréchy;Étréchy;Boulevard Pasteur 91580   Etrechy;91226;Etréchy;589492;2388317;48.4935610644, 2.19438536557;5;0
87545194;BRETIGNY;BRETIGNY;GARE DE BRETIGNY;Brétigny;Brétigny-sur-Orge;Place Pierre Venin 91220  Brétigny-sur-Org;91103;Brétigny-sur-Orge;597477;2400892;48.6066856038, 2.3023104096;5;0
87545210;SAINTE-GENEVIEVE DES BOIS;SAINTE-GENEVIEVE DES BOIS;GARE DE STE GENEVIEVE DES BOIS;ste geneviev;Sainte-Geneviève-des-Bois;Place de la Gare 91700   Sainte-Geneviève-des-Bois;91549;Sainte-Geneviève-des-Bois;598249;2406054;48.6530895138, 2.3127529;5;0
87545269;ABLON;ABLON;GARE D'ABLON;Ablon;Ablon;Place de la Libération 94480   Ablon-sur-Seine;94001;Ablon-sur-Seine;606090;2414099;48.7253771442, 2.41924456072;4;0
87545467;ARPAJON;ARPAJON;GARE D'ARPAJON;Arpajon;Arpajon;Rue Aristide Briand 91290   Arpajon;91021;Arpajon;592945;2398615;48.5861831007, 2.24091796258;5;0
87545517;SERMAISE;SERMAISE;GARE DE SERMAISE;Sermaise;Sermaise;Route de Dourdan 91530   Sermaise;91593;Sermaise;580224;2393008;48.5355139146, 2.06881558987;5;0
87546226;LES SAULES;LES SAULES;GARE DES SAULES;Les Saules;Les Saules;Voie les Saules 94310   Orly;94054;Orly;605946;2416325;48.7453864158, 2.41731902384;4;0
87547315;SAINT-MICHEL NOTRE DAME;SAINT-MICHEL NOTRE DAME;ST MICHEL ND RER C;St Michel ND;Saint-Michel Notre Dame;Quai Saint Michel 75005   Paris;75104;Paris;600540;2428349;48.8534830378, 2.34386002975;1;0
87681155;MAISONS ALFORT ALFORTVILLE;MAISONS ALFORT ALFORTVILLE;GARE DE MAISONS ALFORT ALFORTVILLE;Mais. Alfort;Maisons-Alfort - Alfortville;1 Place Jean Moulin 94149 Maison Alfort;94046;Alfortville;606624;2422625;48.8020043888, 2.42663105501;3;0
87681346;ORANGIS BOIS DE L'EPINE;ORANGIS BOIS DE L'EPINE;GARE D'ORANGIS BOIS DE L EPINE;Orangis Bois;Ris-Orangis Bois de l'Épine;Avenue de la Résistance 91130 Ris Orangis;91521;Ris-Orangis;605255;2404187;48.6362887654, 2.40777964556;5;0
87681411;MENNECY;MENNECY;GARE DE MENNECY;Mennecy;Mennecy;Place du 8 mai 1945 91540 Mennecy;91386;Mennecy;607142;2396933;48.5710632679, 2.43325188735;5;0
87681510;BUNO GIRONVILLE;BUNO GIRONVILLE;GARE DE BUNO GIRONVILLE;Buno Gironv.;Buno-Bonnevaux - Gironville-sur-Essonne;Rue de la gare/ Rue de Gironville 91720;91121;Buno-Bonnevaux;603721;2374685;48.3710816036, 2.38672292567;5;0
87681619;VILLABE;VILLABE;GARE DE VILLABE;Villabé;Villabé;Avenue de la Gare 91100 Villabé;91659;Villabé;609226;2399357;48.5928271304, 2.46153266588;5;0
87681858;VILLENEUVE PRAIRIE;VILLENEUVE PRAIRIE;GARE DE VILLENEUVE PRAIRIE;Villeneuve P;Villeneuve-Saint-Georges Prairie;Chemin des Vaches;94078;Villeneuve-Saint-Georges;607122;2418531;48.7652024341, 2.433338632;3;0
87682161;CESSON;CESSON;GARE DE CESSON;Cesson;Cesson;Rue de La Gare, 77240 Cesson;77067;Cesson;618994;2396359;48.565664426, 2.59376744623;5;0
87682252;THOMERY;THOMERY;GARE DE THOMERY;;Thomery;Chemin forestier 77300 Fontainebleau;77463;Thomery;632785;2377226;48.3931099094, 2.77909503945;5;0
87682294;SAINT-MAMMES;SAINT-MAMMES;GARE DE ST MAMMES;;Saint-Mammès;Rue de la gare 77670 Saint-Mammès;77419;Saint-Mammès;635516;2376026;48.3821776716, 2.8158628021;5;0
87682435;HERICY;HERICY;GARE DE HERICY;;Héricy;Avenue Fernand Dalaine 77850 Hericy;77226;Héricy;631375;2382752;48.442859651, 2.76046271779;5;0
87682526;PONTHIERRY PRINGY;PONTHIERRY PRINGY;GARE DE PONTHIERRY PRINGY;Ponthierry;Saint-Fargeau-Ponthierry - Pringy;Rue Maurice Leroy 77310 Saint Fargeau-Ponthierry;77407;Saint-Fargeau-Ponthierry;615373;2392938;48.5350074152, 2.54460207204;5;0
87683136;PONT SUR YONNE;PONT SUR YONNE;GARE DE PONT SUR YONNE;;Pont-sur-Yonne;;89309;Pont-sur-Yonne;664223;2365651;48.2866954166, 3.20174953421;100;0
87684100;MONTIGNY SUR LOING;MONTIGNY SUR LOING;GARE DE MONTIGNY SUR LOING;;Montigny-sur-Loing;Avenue de la gare 77690 Montigny-sur-Loing;77312;Montigny-sur-Loing;629813;2371044;48.3376736682, 2.7385490063;5;0
87684233;DORDIVES;DORDIVES;GARE DE DORDIVES;;Dordives;;45127;Dordives;631704;2349920;48.1476530629, 2.76250789444;100;0
87684407;BOIGNEVILLE;BOIGNEVILLE;GARE DE BOIGNEVILLE;Boigneville;Boigneville;Place de la Gare 91720 Boigneville;91069;Boigneville;603146;2371489;48.342350244, 2.3789411123;5;0
87754986;BUSSY SAINT-GEORGES;BUSSY SAINT-GEORGES;GARE DE BUSSY ST GEORGES;;Bussy-Saint-Georges;;77058;Bussy-Saint-Georges;627416;2426551;48.8367409178, 2.70977301222;5;1
87758052;RUEIL MALMAISON;RUEIL MALMAISON;GARE DE RUEIL MALMAISON;;Rueil-Malmaison;;92063;Rueil-Malmaison;587870;2432126;48.8873126905, 2.17119529456;3;1
87758102;NATION;NATION;NATION;;Nation;;75112;Paris;604361;2427773;48.8482919987, 2.39589344313;1;1
87758128;FONTENAY SOUS BOIS;FONTENAY SOUS BOIS;GARE DE FONTENAY SOUS BOIS;;Fontenay-sous-Bois;;94033;Fontenay-sous-Bois;609388;2427238;48.843430303, 2.46433886226;3;1
87758177;CHAMPIGNY;CHAMPIGNY;GARE DE CHAMPIGNY;;Champigny;;94068;Saint-Maur-des-Fossés;612758;2423185;48.8069455873, 2.51010547177;3;1
87758342;NOISY CHAMPS;NOISY CHAMPS;GARE DE NOISY CHAMPS;;Noisy-le-Grand Champs;;93051;Champs-sur-Marne;617752;2427164;48.8425892215, 2.57822488113;4;1
87758607;CHATELET LES HALLES;Châtelet les Halles;CHATELET LES HALLES;;Châtelet les Halles;;75101;Paris;600801;2428807;48.8575990354, 2.34741546883;1;1
87758672;ARCUEIL CACHAN;ARCUEIL CACHAN;GARE D'ARCUEIL CACHAN;;Arcueil - Cachan;;94016;Cachan;599368;2422207;48.798280675, 2.32790817631;3;1
87758722;ROBINSON;ROBINSON;GARE DE ROBINSON;;Robinson;;92071;Chatenay-Malabry;595959;2420179;48.7800404985, 2.2815489662;3;1
87758748;LA CROIX DE BERNY;LA CROIX DE BERNY;GARE DE LA CROIX DE BERNY FRESNES;;La Croix de Berny;;92002;Antony;597674;2418219;48.7624325685, 2.30488398555;3;1
87758813;PALAISEAU VILLEBON;PALAISEAU VILLEBON;GARE DE PALAISEAU VILLEBON;;Palaiseau - Villebon-sur-Yvette;;91477;Palaiseau;592688;2412131;48.7076740717, 2.23720264144;4;1
87113209;PANTIN;PANTIN;GARE DE PANTIN;Pantin;Pantin;Avenue de la gare 93500 Pantin;93055;Pantin;604688;2433279;48.8977738494, 2.40040674765;2;0
87113522;LE CHENAY GAGNY;LE CHENAY GAGNY;GARE DE CHENAY GAGNY;Chenay-Gagny;Gagny le Chênay;5 rue du chemin de fer 93220 Gagny;93032;Gagny;615860;2431016;48.8772579359, 2.55260641607;4;0
87113704;ROSNY SOUS BOIS;ROSNY SOUS BOIS;GARE DE ROSNY SOUS BOIS;Rosny Sous B;Rosny-sous-Bois;1 place des Martyrs de la Résistance 93110 ROSNY-SOUS-BOIS;93064;Rosny-sous-Bois;610943;2430279;48.8707365481, 2.48559085409;3;0
87113803;LES YVRIS - NOISY LE GRAND;LES YVRIS NOISY LE GRAND;GARE DES YVRIS NOISY LE GRAND;Les Yvris;Noisy-le-Grand Les Yvris;avenue du bois St Martin 93160 Noisy le Grand;93051;Noisy-le-Grand;617874;2425006;48.8231906883, 2.57979540155;4;0
87115873;CHAMPBENOIST POIGNY;CHAMPBENOIST POIGNY;GARE DE CHAMPBENOIST POIGNY;Champbenoist;Champbenoist Poigny;Rue de Champbenoist, 77160 Provins;77368;Poigny;670207;2394493;48.5453574035, 3.28705609292;5;0
87116079;VERNEUIL L'ETANG;VERNEUIL L'ETANG;GARE DE VERNEUIL L ETANG;Verneuil;Verneuil-l'Étang;;77493;Verneuil-l'Etang;635987;2405248;48.644845508, 2.82466540585;5;0
87116095;NANGIS;NANGIS;GARE DE NANGIS;Nangis;Nangis;Place de la gare 77370 Nangis;77327;Nangis;649907;2396078;48.5614914155, 3.01241107757;5;0
87116178;SAINTE-COLOMBE SEPTVEILLES;SAINTE-COLOMBE SEPTVEILLES;GARE DE STE COLOMBE SEPTVEILLES;Ste Colombe;Sainte-Colombe Septveilles;Rue Victor Hugo 77650 Sainte-Colombe;77404;Sainte-Colombe;668023;2392778;48.5301748255, 3.257217473;5;0
87116293;VAIRES TORCY;VAIRES TORCY;GARE DE VAIRES TORCY;Vaires Torcy;Vaires - Torcy;Place du Général de Gaulle 77360 Vaires-sur-Marne;77479;Vaires-sur-Marne;622252;2430812;48.8752353152, 2.63968946902;5;0
87116350;CHAUFFRY;CHAUFFRY;GARE DE CHAUFFRY;;Chauffry;;77436;Saint-Siméon;661598;2423982;48.8112873771, 3.17476072409;5;0
87116517;LA FERTE SOUS JOUARRE;LA FERTE SOUS JOUARRE;GARE DE LA FERTE SOUS JOUARRE;Ferté sous J;La Ferté-sous-Jouarre;10 place de la gare 77260 le Ferté-sous-Jouarre;77183;La Ferté-sous-Jouarre;657816;2439464;48.9507720863, 3.12540966146;5;0
87116616;ISLES ARMENTIERES CONGIS;ISLES ARMENTIERES CONGIS;GARE D'ISLES ARMENTIERES CONGIS;;Iles-les-Meldeuses - Armentière-en-Brie - Congis-sur-Thérouanne;Rue de la gare 77440 Isles-les-Meldeuses;77231;Isles-les-Meldeuses;649130;2444652;48.9981165045, 3.00749816426;5;0
87116640;CROUY SUR OURCQ;CROUY SUR OURCQ;GARE DE CROUY SUR OURCQ;;Crouy-sur-Ourcq;Rue du Houssoy 77840 Crouy-sur-Ourcq;77148;Crouy-sur-Ourcq;653092;2455083;49.0915297302, 3.06292161569;5;0
87116772;CRECY LA CHAPELLE;CRECY LA CHAPELLE;GARE DE CRECY LA CHAPELLE;;Crécy-la-Chapelle;Routes des bouleurs 77580 Crécy-la-Chapelle;77142;Crécy-la-Chapelle;641790;2429174;48.8595413958, 2.9057267856;5;0
87271148;EPINAY SUR SEINE;EPINAY SUR SEINE;GARE D'EPINAY SUR SEINE;Epinay / S.;Épinay-sur-Seine;Place de la Nouvelle Gare, 93800 Epinay-sur-Seine;93031;Epinay-sur-Seine;597506;2439552;48.9541604559, 2.30247161058;3;0
87271304;LA COURNEUVE AUBERVILLIERS;LA COURNEUVE AUBERVILLIERS;GARE DE LA COURNEUVE AUBERVILLIERS;La Courneuve;La Courneuve - Aubervilliers;Av Victor Hugo, 93120 La Courneuve;93027;La Courneuve;603531;2436171;48.9237716573, 2.38465954977;3;0
87271403;DRANCY;DRANCY;GARE DE DRANCY;Drancy;Drancy;193, Rue Anatole France, 93700 Drancy;93029;Drancy;608697;2437189;48.9328715049, 2.45513299027;3;0
87271452;VILLEPINTE;VILLEPINTE;GARE DE VILLEPINTE;Villepinte;Villepinte;Route Camille Pissaro, 93420 Villepinte;93078;Villepinte;612872;2440552;48.9630240237, 2.51218261685;4;0
87271551;LE PLESSIS BELLEVILLE;LE PLESSIS BELLEVILLE;GARE DU PLESSIS BELLEVILLE;;Le Plessis-Belleville;;60500;Le Plessis-Belleville;629830;2455427;49.0961273605, 2.7446768019;5;0
87272039;SEUGY;SEUGY;GARE DE SEUGY;Seugy;Seugy;rue de la gare 95270 Seugy;95594;Seugy;604601;2457922;49.1192234592, 2.39948681935;5;0
87276006;CREIL;CREIL;GARE DE CREIL;;Creil;;60175;Creil;609657;2474053;49.2641015333, 2.46907080816;100;0
87276071;FRANCONVILLE LE PLESSIS BOUCHARD;FRANCONVILLE LE PLESSIS BOUCHARD;GARE DE FRANCONVILLE LE PLESSIS BOUCHARD;Franconville;Franconville - Le Plessis-Bouchard;Place de la gare 95130 Franconville;95252;Franconville;592629;2443909;48.9932769106, 2.23584452688;4;0
87276154;PONT PETIT;PONT PETIT;GARE DE PONT PETIT;Pont Petit;Pont Petit;Rue Louis Auguste Blanqui 95310 Saint-Ouen-l'Aumône;95572;Saint-Ouen-l'Aumône;584914;2451325;49.0597820664, 2.1302213648;5;0
87276220;VILLIERS LE BEL GONESSE ARNOUVILLE;VILLIERS LE BEL GONESSE ARNOUVILLE;GARE DE VILLIERS LE BEL GONESSE ARNOUVILLE;Villiers Bel;Villiers-le-Bel - Gonesse;1 Place Général Leclerc  95400 Villilers le Bel;95019;Arnouville-les-Gonesse;605827;2444009;48.9941925925, 2.41607904161;4;0
87276246;GOUSSAINVILLE;GOUSSAINVILLE;GARE DE GOUSSAINVILLE;Goussainv.;Goussainville;Place du 8 mai 1945 95190 Goussainvilles;95280;Goussainville;609269;2447338;49.024067636, 2.4631569019;5;0
87276345;DEUIL MONTMAGNY;DEUIL MONTMAGNY;GARE DE DEUIL MONTMAGNY;Deuil Montm.;Deuil-la-Barre - Montmagny;Avenue du Commandant Manoukian;95197;Deuil-la-Barre;600091;2441960;48.975805318, 2.33774613332;4;0
87276444;BORAN SUR OISE;BORAN SUR OISE;GARE DE BORAN SUR OISE;;Boran-sur-Oise;;60086;Boran-sur-Oise;601899;2463271;49.1672989351, 2.36252152612;100;0
87276501;PRESLES COURCELLES;PRESLES COURCELLES;GARE DE PRESLES COURCELLES;Presles C.;Presles - Courcelles;Place de la gare 95590 Presles;95504;Presles;596437;2457275;49.1134158059, 2.2877319038;5;0
87276576;LUZARCHES;LUZARCHES;GARE DE LUZARCHES;Luzarches;Luzarches;Boulevard de La Fraternité, 95270 Luzarches;95352;Luzarches;606095;2457681;49.117045597, 2.41993534167;5;0
87276634;TAVERNY;TAVERNY;GARE DE TAVERNY;Taverny;Taverny;Place de la gare 95150 Taverny;95607;Taverny;591603;2447484;49.0253901291, 2.22176165616;4;0
87276659;FREPILLON;FREPILLON;GARE DE FREPILLON;Frépillon;Frépillon;Avenue Gaston Bourry 95740 Frépillon;95256;Frépillon;589810;2449807;49.0462385732, 2.19720455205;5;0
87281899;HAUSSMANN SAINT-LAZARE;HAUSSMANN SAINT-LAZARE;HAUSSMANN ST LAZARE;Haussmann;Haussmann Saint-Lazare;13 Rue d'Amsterdam 75008 Paris;75109;Paris;599394;2430580;48.8735337311, 2.32824885164;1;0
87334482;NEUVILLE UNIVERSITE;NEUVILLE UNIVERSITE;GARE DE NEUVILLE UNIVERSITE;Neuville-U.;Neuville-sur-Oise Université;Accès par l'avenue du boulevard circulaire;95450;Neuville-sur-Oise;581143;2446254;49.0141135729, 2.07888615344;5;0
87381038;AVENUE FOCH;AVENUE FOCH;AVENUE FOCH;Avenue Foch;Avenue Foch;91 Boulevard Flandrin  75016   Paris;75116;Paris;595582;2430392;48.8718288723, 2.27631406885;1;0
87381079;BOIS COLOMBES;BOIS COLOMBES;GARE DE BOIS COLOMBES;B. Colombes;Bois-Colombes;1 Place Gabriel Péri 92270 Bois Colombes;92009;Bois-Colombes;595304;2435033;48.9135363059, 2.27247445772;3;0
87381137;ASNIERES SUR SEINE;ASNIERES SUR SEINE;GARE D'ASNIERES;Asnières;Asnières-sur-Seine;Rue de la Station 92600 Asnières sur Seine;92004;Asnières-sur-Seine;596099;2434169;48.9057768994, 2.28332241877;3;0
87381202;LA VILLETERTRE;LA VILLETERTRE;GARE DE LA VILLETERTRE;;Lavilletertre;;60356;Lavilletertre;569658;2467266;49.2024720685, 1.92046264154;100;0
87381418;ERAGNY NEUVILLE;ERAGNY NEUVILLE;GARE D'ERAGNY NEUVILLE;Eragny-Neuv.;Éragny - Neuville-sur-Oise;Place Alexandre Prachay 95610 Eragny sur Oise;95218;Eragny;582031;2446697;49.0181200699, 2.0909986273;5;0
87381558;JUZIERS;JUZIERS;GARE DE JUZIERS;Juziers;Juziers;Avenue de la Gare 78820 Juziers;78327;Juziers;564059;2443912;48.9923354006, 1.84569581402;5;0
87381616;MENERVILLE;MENERVILLE;GARE DE MENERVILLE;;Ménerville;Place de la Gare 78200 Ménerville;78385;Ménerville;546128;2441173;48.966463674, 1.60119354803;5;0
87381715;MAREIL SUR MAULDRE;MAREIL SUR MAULDRE;GARE DE MAREIL SUR MAULDRE;Mareil sur M;Mareil-sur-Mauldre;Rue Christian Puillard 78124 Mareil Sur Mauldre;78368;Mareil-sur-Mauldre;565909;2432854;48.8930624961, 1.87185282015;5;0
87381814;VAUX SUR SEINE;VAUX SUR SEINE;GARE DE VAUX SUR SEINE;Vaux/Seine;Vaux-sur-Seine;Avenue de la gare 78740 Vaux Sur Seine;78638;Vaux-sur-Seine;572700;2445495;49.0069879925, 1.96359187721;5;0
87381897;CONFLANS SAINTE-HONORINE;CONFLANS SAINTE-HONORINE;GARE DE CONFLANS STE HONORINE;Conflans FO;Conflans-Sainte-Honorine;2 Ter Rue Eugène Berrurier 78700 Conflans Ste Honorine;78172;Conflans-Sainte-Honorine;582539;2444350;48.997043425, 2.09803681774;5;0
87382259;GARCHES MARNES LA COQUETTE;GARCHES MARNES LA COQUETTE;GARE DE GARCHES MARNES LA COQUETTE;Garches;Garches - Marnes-la-Coquette;;92033;Garches;589010;2426672;48.8383162045, 2.1868735901;3;0
87382333;CHAVILLE RIVE DROITE;CHAVILLE RIVE DROITE;GARE DE CHAVILLE RIVE DROITE;Chaville-RD;Chaville Rive Droite;32 Rue Carnot  92370 Chaville;92022;Chaville;589075;2423759;48.812136312, 2.18783398094;3;0
87382382;PUTEAUX;PUTEAUX;GARE DE PUTEAUX;Puteaux;Puteaux;2 Rue Ferdinand Pelloutier 92800 Puteaux;92062;Puteaux;592444;2431693;48.8834917758, 2.2335382863;3;0
87382499;CERGY SAINT-CHRISTOPHE;CERGY SAINT-CHRISTOPHE;GARE DE CERGY ST CHRISTOPHE;Cergy St-Ch.;Cergy Saint-Christophe;Rue des pas perdus;95127;Cergy;577906;2450226;49.0497023367, 2.03445484969;5;0
87382879;MONTREUIL;MONTREUIL;GARE DE MONTREUIL;Montreuil;Montreuil;Rue de la Bonne Aventure 78000 Versailles;78646;Versailles;586385;2423161;48.8067100466, 2.15124665346;4;0
87383281;MASSY VERRIERES;MASSY VERRIERES;GARE DE MASSY VERRIERES RER C;Massy V.;Massy - Verrières-le-Buisson;2 bis, Avenue de la Gare  91300   Massy;91377;Massy;595337;2415144;48.7347809541, 2.27314560366;4;0
87386318;NANTERRE UNIVERSITE;NANTERRE UNIVERSITE;GARE DE NANTERRE UNIVERSITE;Nanterre-U.;Nanterre Université;33 Boulevard des Provinces Françaises 92000 Nanterre;92050;Nanterre;591099;2433704;48.9015475909, 2.21516720292;3;0
87386664;LES CLAIRIERES DE VERNEUIL;LES CLAIRIERES DE VERNEUIL;GARE DES CLAIRIERES DE VERNEUIL;Clairières;Les Clairières de Verneuil;Place de la Résistance 78480 Verneuil Sur Seine;78642;Verneuil-sur-Seine;572076;2443870;48.9923583678, 1.95517622117;5;0
87387092;BUEIL;BUEIL;GARE DE BUEIL;;Bueil;;27119;Bueil;534543;2436689;48.9250899118, 1.44377555077;100;0
87393058;CHAMP DE MARS TOUR EIFFEL;CHAMP DE MARS TOUR EIFFEL;CHAMP DE MARS TOUR EIFFEL;Ch de Mars T;Champ de Mars Tour Eiffel;Quai Branly ( pont Bir Hakeim ) 75015   Paris;75115;Paris;596562;2428620;48.8559093189, 2.28968029764;1;0
87393116;BELLEVUE;BELLEVUE;GARE DE BELLEVUE;Bellevue;Bellevue;;92048;Meudon;592147;2424535;48.819155929, 2.22962459235;3;0
87393157;VERSAILLES RIVE GAUCHE - CHÂTEAU DE VERSAILLES;VERSAILLES RIVE GAUCHE - CHÂTEAU DE VERSAILLES;GARE DE VERSAILLES RIVE GAUCHE;VersaillesRG;Versailles Rive Gauche Château;5, Avenue du Général De Gaulle 78000   Versailles;78646;Versailles;584681;2422427;48.8000745093, 2.12808696641;4;0
87393223;SAINT-CYR;SAINT-CYR;GARE DE ST CYR;st cyr;Saint-Cyr;Place Pierre Sémard 78120 Saint-Cyr l'Ecole;78545;Saint-Cyr-l'Ecole;580629;2422311;48.7989222361, 2.07296401601;5;0
87393322;PONT DU GARIGLIANO - Hôpital Européen GeorgesPompidou;PONT DU GARIGLIANO - Hôpital Européen GeorgesPompidou;BOULEVARD VICTOR PONT DU GARIGLIANO;Bld Victor;Boulevard Victor;193, Quai André Citroën 75015 Paris;75115;Paris;595159;2426711;48.838743022, 2.27059360886;1;0
87393421;PLAISIR GRIGNON;PLAISIR GRIGNON;GARE DE PLAISIR GRIGNON;Plaisir Gr.;Plaisir - Thiverval-Grignon;Place de la Gare 78610 Le Perray en Yvelines;78490;Plaisir;571109;2426002;48.8317373306, 1.94319450577;5;0
87393447;ORGERUS BEHOUST;ORGERUS BEHOUST;GARE D'ORGERUS BEHOUST;Orgerus Béh.;Orgerus - Béhoust;Rue de la Gare 78910 Orgerus;78465;Orgerus;553526;2425617;48.8272442915, 1.70387667474;5;0
87393504;PETIT JOUY LES LOGES;PETIT JOUY LES LOGES;GARE DE PETIT JOUY LES LOGES;Petit Jouy;Les Loges-en-Josa le Petit Jouy;Chemin de Petit Jouy 78350   Les Loges-en-Jouy;78343;Les Loges-en-Josas;586027;2419124;48.7704181964, 2.14650866618;4;0
87393637;CHILLY MAZARIN;CHILLY MAZARIN;GARE DE CHILLY MAZARIN;Chilly Maz.;Chilly-Mazarin;Rue du Chemin de Fer 91380   Chilly-Mazarin;91161;Chilly-Mazarin;597923;2411360;48.7007825444, 2.30830358876;4;0
87393876;NOISY LE ROI;NOISY LE ROI;GARE DE NOISY LE ROI;Noisy le roi;Noisy-le-Roi;Place de la gare 78590 Noisy le Roi;78455;Noisy-le-Roi;579842;2427058;48.8415623011, 2.06203082551;5;0
87393892;MONTFORT L'AMAURY MERE;MONTFORT L'AMAURY MERE;GARE DE MONTFORT L AMAURY MERE;Montfort l'A;Montfort-l'Amaury - Méré;Place Louis Valtou 78490 Méré;78389;Méré;561705;2422819;48.8026374764, 1.81546288723;5;0
87394155;JOUY;JOUY;GARE DE JOUY;;Jouy;;28201;Jouy;542505;2390547;48.5111319853, 1.55859105877;100;0
87430900;JOUY SUR MORIN EUSTACHE;JOUY SUR MORIN EUSTACHE;EUSTACHE LENOIR;;Jouy-sur Morin Eustache Lenoir;;77240;Jouy-sur-Morin;668397;2422611;48.7982788645, 3.26705580779;5;0
87543090;ANGERVILLE;ANGERVILLE;GARE D'ANGERVILLE;;Angerville;;91016;Angerville;575307;2368091;48.3113344052, 2.00368952585;5;0
87545152;CHAMARANDE;CHAMARANDE;GARE DE CHAMARANDE;Chamarande;Chamarande;Place de la Gare 91730   Chamarande;91132;Chamarande;591137;2390693;48.5149456565, 2.21658535038;5;0
87545202;SAINT-MICHELSUR ORGE;SAINT-MICHELSUR ORGE;GARE DE ST MICHEL SUR ORGE;St Michel /O;Saint-Michel-sur-Orge;Rue Anatole France 91240   Saint-Michel-sur-Orge;91570;Saint-Michel-sur-Orge;597795;2404078;48.6353259804, 2.30660399448;5;0
87545228;EPINAY SUR ORGE;EPINAY SUR ORGE;GARE D'EPINAY SUR ORGE;Epinay / O;Épinay-sur-Orge;1, Place Stalingrad 91360   Epinay-sur-Orge;91216;Epinay-sur-Orge;599662;2407869;48.6694066029, 2.33192121737;4;0
87545277;VILLENEUVE LE ROI;VILLENEUVE LE ROI;GARE DE VILLENEUVE LE ROI;Villeneuve;Villeneuve-le-Roi;Place de la Gare 94290   Villeneuve-le-Roi;94077;Villeneuve-le-Roi;606599;2415707;48.7398253728, 2.42618441057;4;0
87545475;EGLY;EGLY;GARE D'EGLY;Egly;Égly;Impasse de la Masure 91520   Egly;91207;Egly;591569;2398199;48.5824269228, 2.22228216751;5;0
87545525;DOURDAN;DOURDAN;GARE DE DOURDAN;Dourdan;Dourdan;Place Amédée Guénée 91410   Dourdan;91200;Dourdan;575856;2392813;48.5336120759, 2.00970050084;5;0
87545731;BONNEVAL;BONNEVAL;GARE DE BONNEVAL;;Bonneval;;28051;Bonneval;529321;2354559;48.186287565, 1.3861167316;100;0
87546291;RUNGIS LA FRATERNELLE;RUNGIS LA FRATERNELLE;GARE DE RUNGIS LA FRATERNELLE;Rungis la F.;Rungis la Fraternelle;Rue des Alpes 94150   Rungis;94065;Rungis;601196;2415754;48.7402800868, 2.35276043346;4;0
87681247;LE VERT DE MAISONS;LE VERT DE MAISONS;GARE DU VERT DE MAISONS;Vert de M;Le Vert de Maisons;Avenue de la Liberté 94700 Maisons Alfort;94046;Maisons-Alfort;607032;2421172;48.7889407184, 2.43215833774;3;0
87681353;GRAND BOURG;GRAND BOURG;GARE DE GRAND BOURG;Grand Bourg;Grand Bourg;Passage à niveau n°1O  Grand bourg 91000 Evry;91521;Evry;607365;2405486;48.6479449073, 2.43641871488;5;0
87681437;BALLANCOURT;BALLANCOURT;GARE DE BALLANCOURT;Ballancourt;Ballancourt-sur-Essonne;Avenue du Général Leclerc 91610;91045;Ballancourt-sur-Essonne;602569;2392632;48.5324333359, 2.37128293053;5;0
87681601;ESSONNES ROBINSON;ESSONNES ROBINSON;GARE D'ESSONNES ROBINSON;Essonnes R.;Corbeil-Essonnes Robinson;Bld Combes Marnes, 91100 Corbeil Essonnes;91174;Corbeil-Essonnes;609442;2400852;48.6062628825, 2.46449251607;5;0
87681627;LE PLESSIS CHENET;LE PLESSIS CHENET;GARE DU PLESSIS CHENET;Plessis Ch;Le Plessis Chenet;Gare SNCF 91830 Coudray Montceaux;91179;Le Coudray-Montceaux;610565;2397181;48.5732459737, 2.47962426418;5;0
87682005;MELUN;MELUN;GARE DE MELUN;Melun;Melun;Place de Galliéni 77000 Melun;77288;Melun;623561;2392141;48.5275966344, 2.65539176037;5;0
87682179;LE MEE;LE MEE;GARE DU MEE;Le Mée;Le Mée-sur-Seine;Allée de la Gare 77350 Le Mée;77285;Le Mée-sur-Seine;621240;2393505;48.5399387084, 2.62404631973;5;0
87682278;MORET VENEUX LES SABLONS;MORET VENEUX LES SABLONS;GARE DE MORET VENEUX LES SABLONS;;Moret-sur-Loing - Veneux-les-Sablons;Place de la Gare 77250 Veneux-les-Sablons;77491;Veneux-les-Sablons;634308;2375599;48.3784037648, 2.79952521791;5;0
87682302;MONTEREAU;MONTEREAU;GARE DE MONTEREAU;;Montereau;Place Pierre Sémard 77130 Montereau-Fault-Yonne;77305;Montereau-Fault-Yonne;644931;2375830;48.3798317075, 2.94290979682;5;0
87682443;VULAINES SUR SEINE SAMOREAU;VULAINES SUR SEINE SAMOREAU;GARE DE VULAINES SUR SEINE SAMOREAU;;Vulaines-sur-Seine - Samoreau;Avenue de la Gare , 77870 Vulaines-sur-Seine;77442;Samoreau;630814;2381381;48.4305611079, 2.75278446885;5;0
87682542;SAINT-FARGEAU;SAINT-FARGEAU;GARE DE ST FARGEAU;St Fargeau;Saint-Fargeau;Avenue de la Gare 77310 Saint Fargeau Ponthierry;77407;Saint-Fargeau-Ponthierry;615206;2396224;48.5645508759, 2.54245766803;5;0
87683201;ETIGNY VERON;ETIGNY VERON;GARE D'ETIGNY VERON;;Étigny - Véron;;89160;Etigny;670960;2349200;48.1380851657, 3.28981843096;100;0
87683227;SAINT-JULIEN DU SAULT;SAINT-JULIEN DU SAULT;GARE DE ST JULIEN DU SAULT;;Saint-Julien-du-Sault;;89348;Saint-Julien-du-Sault;672073;2336854;48.0269531835, 3.30273208645;100;0
87684118;BOURRON MARLOTTE GREZ;BOURRON MARLOTTE GREZ;GARE DE BOURRON MARLOTTE GREZ;;Bourron-Marlotte - Grez-sur-Loing;Avenue Blaise de Montesquiou 77780 Bourron-Marlotte;77048;Bourron-Marlotte;626381;2370480;48.3327513392, 2.69223391218;5;0
87684415;MALESHERBES;MALESHERBES;GARE DE MALESHERBES;Malesherbes;Malesherbes;;45191;Malesherbes;604788;2366042;48.2933666272, 2.4010261721;100;0
87754994;MARNE LA VALLEE CHESSY;MARNE LA VALLEE CHESSY;GARE DE MARNE LA VALLEE CHESSY;;Marne la Vallée - Chessy;;77111;Chessy;632764;2430346;48.8705976925, 2.78287721332;5;1
87758060;CHATOU CROISSY;CHATOU CROISSY;GARE DE CHATOU CROISSY;;Chatou - Croissy-sur-Seine;;78146;Chatou;586783;2431915;48.8853948331, 2.15638812921;4;1
87758110;VINCENNES;VINCENNES;GARE DE VINCENNES;;Vincennes;;94080;Vincennes;607106;2427667;48.8473150518, 2.43327284147;2;1
87758136;NOGENT SUR MARNE;NOGENT SUR MARNE;GARE DE NOGENT SUR MARNE;;Nogent-sur-Marne;;94052;Nogent-sur-Marne;609948;2426228;48.8343444968, 2.47194060412;3;1
87758185;LA VARENNE CHENNEVIERES;LA VARENNE CHENNEVIERES;GARE DE LA VARENNE CHENNEVIERES;;La Varenne Saint-Hilaire - Chennevières-sur-Marne;;94068;Saint-Maur-des-Fossés;612984;2421854;48.7949783026, 2.51314013385;3;1
87758359;NOISIEL;NOISIEL;GARE DE NOISIEL;;Noisiel;;77337;Noisiel;620552;2427283;48.8435754749, 2.61635637918;5;1
87758615;LUXEMBOURG;LUXEMBOURG;LUXEMBOURG;;Luxembourg;;75105;Paris;600298;2427629;48.84701219, 2.34056375045;1;1
87758631;DENFERT ROCHEREAU;DENFERT ROCHEREAU;DENFERT ROCHEREAU;;Denfert Rochereau;;75114;Paris;599706;2426214;48.8342947596, 2.33250330562;1;1
87758680;BAGNEUX;BAGNEUX;GARE DE BAGNEUX;;Bagneux;;94016;Cachan;598861;2421643;48.7932107738, 2.32101212686;3;1
87758755;ANTONY;ANTONY;GARE D'ANTONY;;Antony;;92002;Antony;597386;2417354;48.7546567024, 2.30097393388;3;1
87758821;LOZERE;LOZERE;GARE DE LOZERE;;Lozère;;91477;Palaiseau;590803;2411961;48.7061217032, 2.2116059812;4;1
87070902;AEROPORT D'ORLY OUEST;AEROPORT D'ORLY OUEST;AEROPORT ORLY ORLYRAIL;;Aéroport Orly Ouest;;91479;Orly;602310;2414394;48.7280530531, 2.36789206811;3;0
87113407;BONDY;BONDY;GARE DE BONDY;Bondy;Bondy;1 place de la République 93140 BONDY;93010;Bondy;610435;2432909;48.8943813736, 2.47873446467;3;0
87113746;NOGENT LE PERREUX;NOGENT LE PERREUX;GARE DE NOGENT LE PERREUX;Nogent le P.;Nogent - Le Perreux;place du Théâtre 94130 NOGENT-SUR-MARNE;94052;Nogent-sur-Marne;611573;2426718;48.8387213192, 2.49407704122;3;0
87113852;LES PAVILLONS SOUS BOIS (T4);LES PAVILLONS SOUS BOIS;LES PAVILLONS SOUS BOIS T4;;Les Pavillons-sous-Bois;Boulevard Louis Pasteur 93320 Les Pavillons sous Bois;93057;Les Pavillons-sous-Bois;612830;2433772;48.9020940307, 2.51140436982;4;0
87113878;ALLEE DE LA TOUR RENDEZ-VOUS (T4);ALLEE DE LA TOUR RENDEZ-VOUS;ALLEE DE LA TOUR RENDEZ VOUS;;Allée de la Tour Rendez-Vous;Boulevard d'Aulnay 93250 Villemomble;93077;Villemomble;612434;2433184;48.8968173808, 2.50598887899;4;0
87116020;OZOIR LA FERRIERE;OZOIR LA FERRIERE;GARE D'OZOIR LA FERRIERE;Ozoir la F.;Ozoir-la-Ferrière;Avenue Raoul Nordling 77330 Ozoir la Ferriere;77350;Ozoir-la-Ferrière;625992;2419198;48.770713265, 2.68993639666;5;0
87116111;CHELLES GOURNAY;CHELLES GOURNAY;GARE DE CHELLES GOURNAY;Chelles;Chelles - Gournay;place du grand jardin 77500 Chelles;77108;Chelles;618055;2430698;48.8743421869, 2.58250078541;4;0
87116228;MARLES EN BRIE;MARLES EN BRIE;GARE DE MARLES EN BRIE;;Marles-en-Brie;CHEMIN DE FER 77610 LA HOUSSAIE EN BRIE;77229;Marles-en-Brie;639211;2415345;48.7354136323, 2.86932424041;5;0
87116319;LAGNY THORIGNY;LAGNY THORIGNY;GARE DE LAGNY THORIGNY;Lagny;Lagny - Thorigny;2 rue de la gare 77400 Thorigny-sur-Marne;77464;Thorigny-sur-Marne;626976;2431586;48.8820106403, 2.70410248006;5;0
87116376;SAINT-REMY LA VANNE;SAINT-REMY LA VANNE;GARE DE ST REMY LA VANNE;;Saint-Rémy-la-Vanne;;77432;Saint-Rémy-la-Vanne;666864;2422802;48.8001565925, 3.2462310892;5;0
87116400;MONTRY CONDE;MONTRY CONDE;GARE DE MONTRY CONDE;;Montry - Condé-Sainte-Libiaire;Avenue du Maréchal Foch 77450 Montry;77315;Montry;635932;2432614;48.8908111565, 2.8262287351;5;0
87116566;NOGENT L'ARTAUD CHARLY;NOGENT L'ARTAUD CHARLY;GARE DE NOGENT L ARTAUD CHARLY;;Nogent-L'Artaud - Charly;;2555;Nogent-l'artaud;672266;2441630;48.9687706778, 3.32293348418;100;0
87116673;LA FERTE MILON;LA FERTE MILON;GARE DE LA FERTE MILON;;La Ferté-Milon;;2307;La Ferté-Milon;657241;2464920;49.17955597, 3.12102785979;100;0
87164798;LA PLAINE STADE DE FRANCE - Saint-Denis Aubervilliers;LA PLAINE STADE DE FRANCE - Saint-Denis Aubervilliers;GARE DE LA PLAINE STADE DE FRANCE;La Plaine;Saint-Denis la Plaine Stade de France;Av du Stade de France, 93210 La Plaine Saint Denis.;93066;Saint-Denis;601917;2435557;48.9182603833, 2.36264549454;2;0
87271023;GARE DU NORD;GARE DU NORD;GARE DU NORD RER;;Gare du Nord;;75110;;601529;2431239;48.8794550008, 2.35733955798;1;1
87271171;LA BARRE ORMESSON;LA BARRE ORMESSON;GARE DE LA BARRE ORMESSON;La Barre O.;La Barre Ormesson;2? Rue de la Concorde, 95170 Deuil La Barre;95197;Deuil-la-Barre;598544;2440910;48.9663676293, 2.31663105732;4;0
87271429;SEVRAN LIVRY;SEVRAN LIVRY;GARE DE SEVRAN LIVRY;Sevran-Livry;Sevran - Livry-Gargan;1, Place de la gare, 93270 Sevran;93071;Sevran;614544;2437556;48.9360642047, 2.53489935862;4;0
87271478;LE BLANC MESNIL;LE BLANC MESNIL;GARE DE BLANC MESNIL;Blanc-Mesnil;Le Blanc-Mesnil;Rue Pierre Semard, 93150, Le Blanc Mesnil;93007;Le Blanc-Mesnil;610328;2437146;48.9324610128, 2.47737901135;3;0
87271585;ORMOY VILLERS;ORMOY VILLERS;GARE D'ORMOY VILLERS;;Ormoy-Villers;;60479;Ormoy-Villers;636584;2467126;49.2008926273, 2.83811205149;100;0
87272054;THIEUX NANTOUILLET;THIEUX NANTOUILLET;GARE DE THIEUX NANTOUILLET;;Thieux - Nantouillet;Rue des Trois-villes 77230 Thieux;77462;Thieux;625179;2445676;49.008705923, 2.68045376536;5;0
87276055;ERMONT EAUBONNE;ERMONT EAUBONNE;GARE D'ERMONT EAUBONNE;Ermont Eaub.;Ermont - Eaubonne;;95219;Ermont;595205;2442502;48.9806576563, 2.27103879067;4;0
87276105;SAINT-OUEN L'AUMONE;SAINT-OUEN L'AUMONE;GARE DE ST OUEN L AUMONE;St Ouen l'A;Saint-Ouen-l'Aumône;rue du 8 mai 1945 95310 Saint-Ouen-l'Aumône;95572;Saint-Ouen-l'Aumône;583177;2449738;49.0454779554, 2.10653399744;5;0
87276139;PONTOISE;PONTOISE;GARE DE PONTOISE;Pontoise;Pontoise;Place du général de Gaulle 95300 Pontoise;95500;Pontoise;582358;2449912;49.047019384, 2.09533109205;5;0
87276188;SANNOIS;SANNOIS;GARE DE SANNOIS;Sannois;Sannois;Place Salvador Allende 95110 Sannois;95582;Sannois;594668;2441318;48.970013299, 2.26372238519;4;0
87276279;ORRY LA VILLE COYE LA FORET;ORRY LA VILLE COYE LA FORET;GARE D'ORRY LA VILLE COYE LA FORET;Orry la V.;Orry-la-Ville - Coye-la-Forêt;;60482;Orry-la-Ville;611179;2460100;49.1387128399, 2.48959350843;100;0
87276394;ECOUEN EZANVILLE;ECOUEN EZANVILLE;GARE D'ECOUEN EZANVILLE;Ecouen Ez.;Écouen - Ézanville;PLACE DE LA GARE 95440 ECOUEN;95229;Ezanville;601949;2447182;49.0227293054, 2.3631340522;4;0
87276410;PRECY SUR OISE;PRECY SUR OISE;GARE DE PRECY SUR OISE;;Précy-sur-Oise;;60513;Précy-sur-Oise;602907;2467271;49.203234752, 2.37636060597;100;0
87276485;BOUFFEMONT MOISSELLES;BOUFFEMONT MOISSELLES;GARE DE BOUFFEMONT MOISSELLES;Bonneval;Bouffémont - Moisselles;PLACE DE LA GARE 95570 BOUFFEMONT;95091;Bouffémont;598997;2449675;49.0451335667, 2.3227920356;5;0
87276550;BELLOY SAINT-MARTIN;BELLOY SAINT-MARTIN;GARE DE BELLOY ST MARTIN;Belloy St M.;Belloy-en-France - Saint-Martin-du-Tertre;Place de la gare 95270 Belloy-en-France;95056;Belloy-en-France;601766;2455509;49.0975553134, 2.36066745509;5;0
87276600;SAINT-LEU LA FORET;SAINT-LEU LA FORET;GARE DE ST LEU LA FORET;St Leu la F;Saint-Leu-la-Forêt;Place Cyrille Lecomte 95320 Saint-Leu-la-Forêt;95563;Saint-Leu-la-Forêt;593124;2446419;49.0158381117, 2.24256299137;4;0
87276758;NOINTEL MOURS;NOINTEL MOURS;GARE DE NOINTEL MOURS;Nointel M.;Nointel - Mours;Rue Jean Saunier 95590 Nointel;95452;Nointel;595940;2459526;49.1336388945, 2.28090693668;5;0
87332940;MONNERVILLE CENTRE;MONNERVILLE CENTRE;MONNERVILLE CENTRE;;Monnerville;;91414;Monnerville;578323;2371999;48.3465786191, 2.04414375257;5;0
87332965;CREDIT AGRICOLE (DOMMERVILLE);CREDIT AGRICOLE (DOMMERVILLE);CREDIT AGRICOLE (DOMMERVILLE);;Dommerville Crédit Agricole;;91016;Angerville;574879;2374705;48.3707826482, 1.99753551336;5;0
87381012;PEREIRE LEVALLOIS;PEREIRE LEVALLOIS;PEREIRE LEVALLOIS;Pereire L.;Péreire Levallois;4 bis, Place du Maréchal Juin  75017   Paris;75117;Paris;597190;2431908;48.8854627647, 2.29821136122;1;0
87381111;PONT CARDINET;PONT CARDINET;PONT CARDINET;P. Cardinet;Pont Cardinet;145 Rue Cardinet 75017 Paris;75117;Paris;598350;2432142;48.8875699026, 2.31401853193;1;0
87381160;MONTGEROULT COURCELLES;MONTGEROULT COURCELLES;GARE DE MONTGEROULT COURCELLES;;Montgeroult - Courcelles-sur-Viosne;Rue du Moulin 95650 Montgeroult;95422;Montgeroult;575636;2453680;49.0806565706, 2.00322127137;5;0
87381186;SANTEUIL LE PERCHAY;SANTEUIL LE PERCHAY;GARE DE SANTEUIL LE PERCHAY;;Santeuil - Le Perchay;Rue Tour de Voisne 95640 Santeuil;95584;Santeuil;571722;2458458;49.123427593, 1.94935897017;5;0
87381236;TRIE CHATEAU;TRIE CHATEAU;GARE DE TRIE CHATEAU;;Trie-Château;;60644;Trie-Château;562253;2476222;49.2825388857, 1.81811969251;100;0
87381491;ANDRESY;ANDRESY;GARE D'ANDRESY;Andrésy;Andrésy;Place de la Gare 78570 Andrésy;78015;Andrésy;578955;2441881;48.9747479366, 2.04921372466;5;0
87381582;LIMAY;LIMAY;GARE DE LIMAY;Limay;Limay;Boulevard Pasteur 78520 Limay;78335;Limay;556834;2443052;48.9841604689, 1.74712329464;5;0
87381624;BREVAL;BREVAL;GARE DE BREVAL;;Bréval;Avenue Noël Duchesne 78980 Bréval;78107;Bréval;541716;2438619;48.9431263219, 1.54133018167;5;0
87381798;VAL D'ARGENTEUIL;VAL D'ARGENTEUIL;GARE DE VAL D ARGENTEUIL;Val d'Argent;Val d'Argenteuil;Boulevard de la Résistance 95100 Argenteuil;95018;Argenteuil;592276;2439136;48.9503798452, 2.23111195402;4;0
87381871;LA FRETTE MONTIGNY;LA FRETTE MONTIGNY;GARE DE LA FRETTE MONTIGNY;La Frette M;La Frette-sur-Seine - Montiny-lès-Cormeilles;Place de la Gare 95530 La Frette Sur Seine;95257;La Frette-sur-Seine;588549;2442457;48.9801682958, 2.18016741599;4;0
87382200;COURBEVOIE;COURBEVOIE;GARE DE COURBEVOIE;Courbevoie;Courbevoie;Rue de Sébastopol 92400 Courbevoie;92026;Courbevoie;593505;2433334;48.8982514361, 2.24797129852;3;0
87382366;LE VAL D'OR;LE VAL D'OR;GARE DU VAL D OR;Le Val-d'Or;Le Val d'Or;33, Avenue Alfred Belmontet 92210 Saint Cloud;92064;Saint-Cloud;591209;2428737;48.8569094152, 2.21677050352;3;0
87382457;LOUVECIENNES;LOUVECIENNES;GARE DE LOUVECIENNES;Louveciennes;Louveciennes;;78350;Louveciennes;584332;2429213;48.8610558392, 2.12308717495;4;0
87382473;L'ETANG LA VILLE;L'ETANG LA VILLE;GARE DE L ETANG LA VILLE;L'Etang-la-V;L'Étang-la-Ville;;78224;L'Etang-la-Ville;580936;2430013;48.8681535535, 2.07679348122;5;0
87382812;MAREIL MARLY;MAREIL MARLY;GARE DE MAREIL MARLY;Mareil Marly;Mareil-Marly;;78367;Mareil-Marly;581127;2431489;48.8814243962, 2.07932950165;4;0
87386052;ACHERES GRAND CORMIER;ACHERES GRAND CORMIER;GARE D'ACHERES GRAND CORMIER;Achères Gd C;Achères Grand Cormier;RN184 / RUE DE LA CITE CROIX SAINT SIMON;78551;Saint-Germain-en-Laye;582084;2439693;48.9551807035, 2.09202131475;5;0
87386425;MAISONS LAFFITTE;MAISONS LAFFITTE;GARE DE MAISONS LAFFITTE;Maisons-L.;Maisons-Laffitte;Place de la Libération par l'avenue du Général De Gaulle;78358;Maisons-Laffitte;585938;2438651;48.9459130297, 2.14464783894;4;0
87386649;VILLENNES SUR SEINE;VILLENNES SUR SEINE;GARE DE VILLENNES SUR SEINE;Villennes/S.;Villennes-sur-Seine;70 Place de la Libération 78670 Villennes sur Seine;78672;Villennes-sur-Seine;575295;2437974;48.9395062922, 1.99947999933;5;0
87386763;EPONE MEZIERES;EPONE MEZIERES;GARE D'EPONES MEZIERES;Epônes-Méz.;Épône - Mézières-sur-Seine;Place de la Gare 78680 Epône;78217;Epône;561323;2440699;48.9633027296, 1.80862937113;5;0
87393033;INVALIDES;INVALIDES;INVALIDES;Invalides;Invalides;2, Rue Esnault Pelterie 75007   Paris;75107;Paris;598245;2429338;48.8623692316, 2.31259955332;1;0
87393082;MEUDON VAL FLEURY;MEUDON VAL FLEURY;GARE DE MEUDON VAL FLEURY;Meudon Val F;Meudon Val Fleury;1, Place Jean Jaurès 92190   Meudon;92048;Meudon;592977;2423284;48.8079219482, 2.24094197508;3;0
87393207;CHAVILLE RIVE GAUCHE;CHAVILLE RIVE GAUCHE;GARE DE CHAVILLE RIVE GAUCHE;Chaville RG;Chaville Rive Gauche;29 Rue Anatole France 92370 Chaville;92022;Chaville;589120;2422941;48.8047850879, 2.18846743145;3;0
87393280;LES ESSARTS LE ROI;LES ESSARTS LE ROI;GARE DES ESSARTS LE ROI;Les Essarts;Les Essarts-le-Roi;Rue de la Cité 78690 Les Essarts Le Roi;78220;Les Essarts-le-Roi;567079;2413743;48.721360918, 1.88928386117;5;0
87393306;ISSY VAL DE SEINE;ISSY VAL DE SEINE;GARE D'ISSY VAL DE SEINE;Issy V. de S;Issy Val de Seine;87, Avenue de Verdun 92130   Issy-les-Moulineaux;92040;Issy-les-Moulineaux;594615;2425670;48.8293825611, 2.26320018157;2;0
87393405;FONTENAY LE FLEURY;FONTENAY LE FLEURY;GARE DE FONTENAY LE FLEURY;Fontenay;Fontenay-le-Fleury;Rue Georges Pompidou - D127  78330 Fontenay le Fleury;78242;Fontenay-le-Fleury;578254;2423259;48.8073664634, 2.04060376202;5;0
87393470;MARCHEZAIS BROUE;MARCHEZAIS BROUE;GARE DE MARCHEZAIS BROUE;;Marchezais - Broué;;28235;Marchezais;539466;2419205;48.7684451651, 1.51341158058;100;0
87393546;BIEVRES;BIEVRES;GARE DE BIEVRES;Bièvres;Bièvres;Place de la Gare 91570   Bièvres;91064;Bièvres;591104;2416982;48.7512563717, 2.21558821686;4;0
87393611;LONGJUMEAU;LONGJUMEAU;GARE DE LONGJUMEAU;Longjumeau;Longjumeau;Place de la Gare 91160   Longjumeau;91345;Longjumeau;596898;2411515;48.7021715574, 2.29438365384;4;0
87393835;TRAPPES;TRAPPES;GARE DE TRAPPES;Trappes;Trappes;Avenue Gabriel Péri 78 190 Trappes;78621;Trappes;575748;2419673;48.7750462311, 2.00670966763;5;0
87394130;MAINTENON;MAINTENON;GARE DE MAINTENON;;Maintenon;;28227;Maintenon;545086;2398780;48.5853643047, 1.59245485785;100;0
87415893;BONNIERES;BONNIERES;GARE DE BONNIERES;;Bonnières;Place du 8 Mai 1945 78270 Bonnières sur seine;78089;Bonnières-sur-Seine;544763;2449214;49.0386031492, 1.58150822592;5;0
87430819;LA FERTE GAUCHER CENTRE;LA FERTE GAUCHER CENTRE;LA FERTE GAUCHER CENTRE;;La Ferté-Gaucher;;77182;La Ferté-Gaucher;671351;2420870;48.7823112378, 3.30694912567;5;0
87492108;LES ARDOINES;LES ARDOINES;GARE DES ARDOINES;Les Ardoines;Les Ardoines;Rue Léon Geoffroy 94400   Vitry-sur-Seine;94081;Vitry-sur-Seine;605341;2420491;48.7828360607, 2.40914828931;3;0
87545137;ETAMPES;ETAMPES;GARE D'ETAMPES;Etampes;Étampes;Place du Général Leclerc 91150   Etampes;91223;Etampes;586897;2382008;48.4367952365, 2.15947993947;5;0
87545186;MAROLLES EN HUREPOIX;MAROLLES EN HUREPOIX;GARE DE MAROLLES EN HUREPOIX;Marolles;Marolles-en-Hurepoix;Place de la Gare 91630   Marolles-en-Hurepoix;91376;Marolles-en-Hurepoix;596629;2396330;48.5656724691, 2.29085245139;5;0
87545251;ATHIS MONS;ATHIS MONS;GARE D'ATHIS MONS;Athis Mons;Athis-Mons;Place de Rothenbourg ob der Tauber 91200   Athis-Mons;91027;Athis-Mons;604906;2412698;48.7127944, 2.40314310669;4;0
87545301;IVRY SUR SEINE;IVRY SUR SEINE;GARE D'IVRY SUR SEINE;Ivry / Seine;Ivry-sur-Seine;Place Marcel Cachin 94200   Ivry-sur-Seine;94041;Ivry-sur-Seine;604009;2424000;48.8143839943, 2.39106475934;2;0
87545459;LA NORVILLE SAINT-GERMAIN LES ARPAJON;LA NORVILLE SAINT-GERMAIN LES ARPAJON;GARE DE LA NORVILLE ST GERMAIN LES ARPAJON;La Norville;La Norville - Saint-Germain-lès-Arpajon;Rue de la Gare 91290   La Norville;91457;La Norville;594901;2399217;48.5916132336, 2.2674134527;5;0
87545509;SAINT-CHERON;SAINT-CHERON;GARE DE ST CHERON;St Cheron;Saint-Chéron;Place de la Gare 91530   Saint-Chéron;91540;Saint-Chéron;584420;2394714;48.5509652776, 2.12555154219;5;0
87546200;ORLY VILLE;ORLY VILLE;GARE D'ORLY VILLE;Orly Ville;Orly Ville;1, Place du 8 mai 45 94310   Orly;94054;Orly;604876;2415924;48.7417910405, 2.40277215996;4;0
87547307;MUSEE D'ORSAY;MUSEE D'ORSAY;MUSEE D ORSAY;M. d'Orsay;Musée d'Orsay;7, Quai Anatole France 75007   Paris;75107;Paris;599372;2428992;48.8592617784, 2.327951672;1;0
87681007;CORBEIL ESSONNES;CORBEIL ESSONNES;GARE DE CORBEIL ESSONNES;Corbeil;Corbeil-Essonnes;Place Henri Barbusse 91100 Corbeil Essonnes;91174;Corbeil-Essonnes;610134;2401727;48.6141179308, 2.47389296086;5;0
87681338;RIS ORANGIS;RIS ORANGIS;GARE DE RIS ORANGIS;Ris Orangis;Ris-Orangis;5 Rue Edmond Bonte 91130 Ris-Orangis;91521;Ris-Orangis;605741;2406747;48.659296221, 2.41440509683;5;0
87681403;MOULIN GALANT;MOULIN GALANT;GARE DE MOULIN GALANT;Moulin Gal.;Moulin Galant;Rue Paul Bert 91100 Corbeil-Essonnes;91174;Corbeil-Essonnes;610106;2398616;48.5861529748, 2.47344029503;5;0
87681486;MAISSE;MAISSE;GARE DE MAISSE;Maisse;Maisse;Rue de Milly 91720 Maisse;91359;Maisse;604216;2377190;48.3935999978, 2.39342651735;5;0
87681825;VILLENEUVE SAINT-GEORGES;VILLENEUVE SAINT-GEORGES;GARE DE VILLENEUVE ST GEORGES;Villeneuve S;Villeneuve-Saint-Georges;Place Pierre Sémart 94190 Villeneuve St Georges;94078;Villeneuve-Saint-Georges;608100;2414613;48.7299751663, 2.44656156169;4;0
87682120;BRUNOY;BRUNOY;GARE DE BRUNOY;Brunoy;Brunoy;Rue de la Gare 91800 Evry;91114;Brunoy;612524;2411180;48.6990474124, 2.50656952687;5;0
87682153;LIEUSAINT MOISSY;LIEUSAINT MOISSY;GARE DE LIEUSAINT MOISSY;Lieusaint M.;Lieusaint - Moissy-Cramayel;Gare SNCF 77127 Lieusaint;77296;Moissy-Cramayel;617223;2403341;48.6284764876, 2.57006099644;5;0
87682211;FONTAINEBLEAU AVON;FONTAINEBLEAU AVON;GARE DE FONTAINEBLEAU AVON;;Fontainebleau - Avon;Place de la gare 77210 Avon;77014;Avon;628874;2379793;48.416373943, 2.7264708082;5;0
87682427;FONTAINE LE PORT;FONTAINE LE PORT;GARE DE FONTAINE LE PORT;;Fontaine-le-Port;Quai Fernand Soupeaux 77590 Fontaine-le-Port;77188;Fontaine-le-Port;630674;2387714;48.4875013233, 2.75134395079;5;0
87682476;LA GRANDE PAROISSE;LA GRANDE PAROISSE;GARE DE LA GRANDE PAROISSE;;La Grande-Paroisse;Cité de la Gare 77130 La grande Paroisse;77210;La Grande-Paroisse;641563;2375673;48.3786447963, 2.89744111747;5;0
87682518;BOISSISE LE ROI;BOISSISE LE ROI;GARE DE BOISSISE LE ROI;Boissise;Boissise-le-Roi;Rue de Ponthierry 77310;77040;Boissise-le-Roi;617472;2392350;48.5296683347, 2.57299051053;5;0
87683128;CHAMPIGNY SUR YONNE;CHAMPIGNY SUR YONNE;GARE DE CHAMPIGNY SUR YONNE;;Champigny;;89074;Champigny;658919;2369760;48.3241404978, 3.13085609526;100;0
87684001;MONTARGIS;MONTARGIS;GARE DE MONTARGIS;;Montargis;;45208;Montargis;630331;2334291;48.0071802686, 2.74297582165;100;0
87684217;SOUPPES CHÂTEAU LANDON;SOUPPES CHÂTEAU LANDON;GARE DE SOUPPES;;Souppes-sur-Loing - Château-Landon;Rue Paul Rollin 77460 Souppes-sur-Loing;77458;Souppes-sur-Loing;629649;2353725;48.1819631741, 2.7351551039;5;0
87684241;FERRIERES FONTENAY;FERRIERES FONTENAY;GARE DE FERRIERES FONTENAY;;Ferrières-en-Gâtinais - Fontenay-sur-Loing;;45148;Fontenay-sur-Loing;632455;2344251;48.0966410527, 2.77217703741;100;0
87730069;VAL D'EUROPE;VAL D'EUROPE;GARE DE VAL D EUROPE;;Val d'Europe;;77449;Serris;632200;2428726;48.856066847, 2.77507058255;5;1
87758045;NANTERRE VILLE;NANTERRE VILLE;GARE DE NANTERRE VILLE;;Nanterre;;92050;Nanterre;589673;2433033;48.8954957488, 2.19574459249;3;1
87758094;SAINT-GERMAIN EN LAYE;SAINT-GERMAIN EN LAYE;GARE DE ST GERMAIN EN LAYE;;Saint-Germain-en-Laye;;78551;Saint-Germain-en-Laye;582249;2433382;48.8984691709, 2.09453884287;4;1
87758169;LE PARC DE SAINT-MAUR;LE PARC DE SAINT-MAUR;GARE DU PARC DE ST MAUR;;Le Parc de Saint-Maur;;94068;Saint-Maur-des-Fossés;610959;2422981;48.8051451207, 2.48562114946;3;1
87758318;NEUILLY PLAISANCE;NEUILLY PLAISANCE;GARE DE NEUILLY PLAISANCE;;Neuilly-Plaisance;;93049;Neuilly-Plaisance;613008;2428364;48.8534873866, 2.5136654026;3;1
87758334;NOISY LE GRAND MONT D'EST;NOISY LE GRAND MONT D'EST;GARE DE NOISY LE GRAND MONT D EST;;Noisy-le-Grand Mont d'Est;;93051;Noisy-le-Grand;615511;2426978;48.8409753849, 2.54770380568;4;1
87758599;AUBER;AUBER;AUBER;;Auber;;75109;Paris;599554;2430388;48.8718083114, 2.3304290066;1;1
87758664;LAPLACE;LAPLACE;GARE DE LAPLACE;;Laplace;;94003;Arcueil;599805;2423230;48.807475534, 2.33385287317;2;1
87758714;FONTENAY AUX ROSES;FONTENAY AUX ROSES;GARE DE FONTENAY AUX ROSES;;Fontenay-aux-Roses;;92032;Fontenay-aux-Roses;596727;2421014;48.7875498744, 2.29198724405;3;1
87758730;PARC DE SCEAUX;PARC DE SCEAUX;GARE DE PARC DE SCEAUX;;Parc de Sceaux;;92002;Sceaux;598055;2419134;48.7706579571, 2.31005953531;4;1
87758805;PALAISEAU;PALAISEAU;GARE DE PALAISEAU;;Palaiseau;;91477;Palaiseau;593374;2413260;48.7178295117, 2.24650156983;4;1
87758862;LA HACQUINIERE;LA HACQUINIERE;GARE DE LA HACQUINIERE;;La Hacquinière;;91122;Bures-sur-Yvette;586498;2410706;48.6947648701, 2.15318113824;5;1
87988709;REMISE A JORELLE (T4);REMISE A JORELLE;REMISE A JORELLE;;Bondy Remise à Jorelle;;93010;Bondy;611155;2432744;48.8928864431, 2.48854373913;3;0
87113001;PARIS EST (GARE DE L'EST);PARIS EST;GARE DE L EST;;Paris Est;Place 11 Novembre 1918, 75010 Paris;75110;Paris;601608;2430941;48.8767766066, 2.358414927;1;0
87113514;GAGNY;GAGNY;GARE DE GAGNY;Gagny;Gagny;Place de Verdun 93220 Gagny;93032;Gagny;613963;2431681;48.8832783553, 2.52678071322;4;0
87113696;ROSNY BOIS PERRIER;ROSNY BOIS PERRIER;GARE DE ROSNY BOIS PERRIER;Rosny B. P.;Rosny-sous-Bois Perrier;Rue Léon Blum 93110 Rosny sous bois;93064;Rosny-sous-Bois;610640;2431610;48.8827036731, 2.48149612336;3;0
87113795;VILLIERS SUR MARNE PLESSIS TREVISE;VILLIERS SUR MARNE PLESSIS TREVISE;GARE DE VILLIERS SUR MARNE PLESSIS TREVISE;Villiers;Villiers-sur-Marne - Le Plessis-Trévise;place Pierre Sémard 94350 VILLIERS-SUR-MARNE;94079;Villiers-sur-Marne;615121;2424997;48.8231802547, 2.54232320839;4;0
87113894;FREINVILLE SEVRAN (T4);FREINVILLE SEVRAN;FREINVILLE SEVRAN;;Sevran Freinville;Boulevard d'Aulnay 93270 Sevran;93071;Sevran;613380;2436549;48.9270396905, 2.5189895135;4;0
87116046;EMERAINVILLE - PONTAULT COMBAULT;EMERAINVILLE PONTAULT COMBAULT;GARE D'EMERAINVILLE PONTAULT COMBAULT;Emerainville;Émerainville - Pontault-Combault;2 avenue de la gare 77184 Emerainville;77373;Pontault-Combault;620667;2423103;48.8060035996, 2.61771918549;5;0
87116160;PROVINS;PROVINS;GARE DE PROVINS;Provins;Provins;Avenue Jean Jaures 77160 Provins;77379;Provins;671359;2395657;48.555694263, 3.30284528743;5;0
87116269;GUERARD LA CELLE SUR MORIN;GUERARD LA CELLE SUR MORIN;GARE DE GUERARD LA CELLE SUR MORIN;;Guérard - La Celle-sur-Morin;PLACE DE LA GARE 77580 GUERARD;77219;Guérard;645440;2423730;48.8103668281, 2.95485878112;5;0
87116285;MOUROUX;MOUROUX;GARE DE MOUROUX;;Mouroux;Avebue de la gare 77120 Mouroux;77320;Mouroux;651937;2424139;48.813550996, 3.04331621776;5;0
87116343;CHAILLY BOISSY LECHATEL;CHAILLY BOISSY LECHATEL;GARE DE CHAILLY BOISSY LE CHATEL;;Chailly - Boissy-le-Châtel;;77070;Chailly-en-Brie;659958;2424305;48.8143452308, 3.15249004519;5;0
87116509;CHANGIS SAINT-JEAN;CHANGIS SAINT-JEAN;GARE DE CHANGIS ST JEAN;Changis St J;Changis-sur-Marne - Saint-Jean-les-Deux-Jumeaux;place de la Gare 77660 CHANGIS-SUR-MARNE;77084;Changis-sur-Marne;650494;2440348;48.9593340234, 3.0256113065;5;0
87116582;CHATEAU THIERRY;CHATEAU THIERRY;GARE DE CHATEAU THIERRY;;Château-Thierry;;2168;Château-Thierry;678496;2449406;49.0379095539, 3.409410548;100;0
87116632;LIZY SUR OURCQ;LIZY SUR OURCQ;GARE DE LIZY SUR OURCQ;;Lizy-sur-Ourcq;;77257;Lizy-sur-Ourcq;650871;2447274;49.0215418405, 3.03159105379;5;0
87116749;VILLIERS MONTBARBIN;VILLIERS MONTBARBIN;GARE DE VILLIERS MONTBARBIN;;Villiers-sur-Morin - Montbarbin;Rue du souterrain 77580 Crécy-la-Chapelle;77142;Villiers-sur-Morin;640116;2429564;48.8631530283, 2.88296287419;5;0
87271122;EPINAY VILLETANEUSE;EPINAY VILLETANEUSE;GARE D'EPINAY VILLETANEUSE;Epinay V.;Épinay-sur-Seine - Villetaneuse;Route de Saint-Leu 93800 Villetaneuse;93031;Epinay-sur-Seine;599439;2440021;48.9583799869, 2.32884820025;3;0
87271247;SAINT-OUEN;SAINT-OUEN;GARE DE ST OUEN;St Ouen;Saint-Ouen;Rue Dora Maar 93400 Saint-Ouen;93070;Saint-Ouen;598966;2434120;48.905347806, 2.3224084353;2;0
87271445;SEVRAN BEAUDOTTES;SEVRAN BEAUDOTTES;GARE DE SEVRAN BEAUDOTTES;Sevran Beaud;Sevran Beaudottes;Avenue Raoul Dautry, 93270 Sevran;93071;Sevran;613775;2438847;48.9476830486, 2.524451401;4;0
87271510;VILLEPARISIS MITRY LE NEUF;VILLEPARISIS MITRY LE NEUF;GARE DE VILLEPARISIS MITRY LE NEUF;Villeparisis;Villeparisis;2, Place du 19 Mars 1962, 77290 Mitry Le Neuf;77294;Mitry-Mory;619503;2439483;48.953250388, 2.60263346127;5;0
87271536;DAMMARTIN JUILLY SAINT-MARD;DAMMARTIN JUILLY SAINT-MARD;GARE DE DAMMARTIN JUILLY ST MARD;;Dammartin-en-Goële - Juilly - Saint-Mard;1 place de la gare 77230 Saint-Mard;77420;Saint-Mard;626505;2448270;49.0319624789, 2.6987299167;5;0
87272021;VILLAINES;VILLAINES;GARE DE VILLAINES;Villaines;Villaines-sous-Bois;Rue de la Halte Villaines 95570 Villaines-sous-Bois;95660;Villaines-sous-Bois;601026;2453477;49.0792979934, 2.3505368339;5;0
87276022;ENGHIEN LES BAINS;ENGHIEN LES BAINS;GARE D'ENGHIEN LES BAINS;Enghien;Enghien-les-Bains;rue du Départ, 95880 Enghien-les-Bains;95210;Enghien-les-Bains;597805;2441649;48.9730065501, 2.3065405136;4;0
87276089;MONTIGNY BEAUCHAMP;MONTIGNY BEAUCHAMP;GARE DE MONTIGNY BEAUCHAMP;Montigny B.;Montigny-lès-Cormeilles - Beauchamp;Place de la Gare, 95370 Montigny Les Cormeilles;95051;Beauchamp;589841;2445501;49.0075447708, 2.19773281432;4;0
87276162;CHAPONVAL;CHAPONVAL;GARE DE CHAPONVAL;Chaponval;Chaponval;Rue de Chaponval 95430 Auvers-sur-Oise;95039;Auvers-sur-Oise;585788;2452365;49.069147417, 2.1421368153;5;0
87276238;LES NOUES;LES NOUES;GARE DES NOUES;Les Noues;Les Noues;Rue des Bergeronnettes;95280;Goussainville;610250;2448273;49.0324547903, 2.47658413334;5;0
87276253;LOUVRES;LOUVRES;GARE DE LOUVRES;Louvres;Louvres;Place de la Gare 95380 Louvres;95351;Louvres;612122;2450178;49.049540601, 2.50222230081;5;0
87276360;GROSLAY;GROSLAY;GARE DE GROSLAY;Groslay;Groslay;Rue Charles de Gaulles;95288;Groslay;601247;2442937;48.9845840299, 2.35353000434;4;0
87276451;BRUYERES SUR OISE;BRUYERES SUR OISE;GARE DE BRUYERES SUR OISE;Bruyères/O;Bruyères-sur-Oise;Rue de la gare 95820 Bruyères-sur-Oise;95116;Bruyères-sur-Oise;599219;2461914;49.1551082977, 2.32580235002;100;0
87276519;CHAMPAGNE SUR OISE;CHAMPAGNE SUR OISE;GARE DE CHAMPAGNE SUR OISE;Champagne/O;Champagne-sur-Oise;Rue Louis Pasteur 95660 Champgne-sur-Oise;95134;Champagne-sur-Oise;593086;2459775;49.1358514708, 2.24182227993;5;0
87276535;VALMONDOIS;VALMONDOIS;GARE DE VALMONDOIS;Valmondois;Valmondois;Rue du Port aux Loups 95430 Butry-sur-Oise;95120;Butry-sur-Oise;590197;2454880;49.0918296452, 2.20237586217;5;0
87276584;ERMONT HALTE;ERMONT HALTE;GARE D'ERMONT HALTE;Ermont Halte;Ermont;Rue de la Halte 95120 Ermont;95219;Ermont;594634;2443520;48.9898013025, 2.26322997895;4;0
87276667;MERY SUR OISE;MERY SUR OISE;GARE DE MERY SUR OISE;Méry / Oise;Méry;Avenue Marcel Perrin 95540 Mery Sur Oise;95394;Méry-sur-Oise;589342;2451077;49.0576430501, 2.19077460685;5;0
87328328;BIBLIOTHEQUE FRANCOIS MITTERRAND;Bibliothèque François Mitterrand;BIBLIOTHEQUE F. MITTERRAND;Bibl. F. Mit;Bibliothèque François Mitterrand;;75113;Paris;602850;2425718;48.8298309183, 2.37530322164;1;0
87337980;SAINT-OUEN L'AUMONE LIESSE;SAINT-OUEN L'AUMONE LIESSE;GARE DE ST OUEN L AUMONE LIESSE;Liesse;Saint-Ouen-l'Aumône Liesse;;95572;Saint-Ouen-l'Aumône;584736;2448488;49.0342846592, 2.12789079156;4;0
87381046;AVENUE HENRI MARTIN;AVENUE HENRI MARTIN;AVENUE HENRI MARTIN;H. Martin;Avenue Henri Martin;Boulevard Edouard Vaillant 93190 Livry-Gargan;75116;Paris;595294;2429546;48.8642235059, 2.2723998395;1;0
87381087;COLOMBES;COLOMBES;GARE DE COLOMBES;Colombes;Colombes;2-4 Rue St Denis 92700 Colombes;92025;Colombes;594356;2436166;48.9237108213, 2.25953314227;3;0
87381145;OSNY;OSNY;GARE D'OSNY;Osny;Osny;Rue Aristide Briand 95520 Osny;95476;Osny;579607;2451680;49.0628244058, 2.0576383659;5;0
87381210;LIANCOURT SAINT PIERRE;LIANCOURT SAINT PIERRE;GARE DE LIANCOURT ST PIERRE;;Liancourt-Saint-Pierre;;60361;Liancourt-Saint-Pierre;568575;2469267;49.2203975952, 1.90546252518;100;0
87381426;SAINT-OUEN L'AUMONE QUARTIER DE L'EGLISE;SAINT-OUEN L'AUMONE QUARTIER DE L'EGLISE;GARE DE ST OUEN L AUMONE QUARTIER DE L EGLIS;St Ouen-Q Eg;Saint-Ouen-l'Aumône Quartier de l'Église;Rue d'Eragny , 95310 Saint-Ouen-l'Aumône;95572;Saint-Ouen-l'Aumône;582965;2449131;49.0400178346, 2.1036606548;5;0
87381475;CHANTELOUP LES VIGNES;CHANTELOUP LES VIGNES;GARE DE CHANTELOUP LES VIGNES;Chanteloup;Chanteloup-les-Vignes;Avenue Général de Gaulle;78138;Chanteloup-les-Vignes;577377;2441449;48.9708118583, 2.02769552539;5;0
87381566;GARGENVILLE;GARGENVILLE;GARE DE GARGENVILLE;Gargenville;Gargenville;Place de la Gare 78440 Gargenville;78267;Gargenville;561355;2442892;48.9830117502, 1.80886489228;5;0
87381723;MAULE;MAULE;GARE DE MAULE;Maule;Maule;20 Boulevard Paul Barré 78580 Maule;78380;Maule;564827;2434642;48.90907265, 1.85695686135;5;0
87381822;THUN LE PARADIS;THUN LE PARADIS;GARE DE THUN LE PARADIS;Thun le P.;Thun le Paradis;Rue des Annonciades 78250 Meulan;78401;Meulan;569458;2445482;49.006724462, 1.91930866297;5;0
87381848;ARGENTEUIL;ARGENTEUIL;GARE D'ARGENTEUIL;Argenteuil;Argenteuil;Place Pierre Sémard 95100 Argenteuil;95018;Argenteuil;594186;2438758;48.94700319, 2.25717871305;5;0
87381905;CERGY PREFECTURE;CERGY PREFECTURE;GARE DE CERGY PREFECTURE;Cergy Préf.;Cergy Préfecture;Gare routière et Parvis en parallèle au Bld de l'Oise;95127;Cergy;581212;2448747;49.0365179881, 2.07971720177;5;0
87382341;SEVRES VILLE D'AVRAY;SEVRES VILLE D'AVRAY;GARE DE SEVRES VILLE D AVRAY;Sèvres-V.A.;Sèvres - Ville-d'Avray;Place Pierre Brosselette 92310 Sèvres;92072;Sèvres;590013;2425458;48.8274217325, 2.20055846234;3;0
87382432;LA CELLE SAINT-CLOUD;LA CELLE SAINT-CLOUD;GARE DE LA CELLE ST CLOUD;La Celle;La Celle-Saint-Cloud;Place Jean Mermoz 78170 La Celle Saint Cloud;78126;La Celle-Saint-Cloud;585419;2427150;48.8425404524, 2.1379646985;4;0
87382655;CERGY LE HAUT;CERGY LE HAUT;GARE DE CERGY LE HAUT;Cergy le H.;Cergy le Haut;Rue de l'Espérance;95127;Cergy;576283;2450103;49.0485388268, 2.01227395158;5;0
87382887;VIROFLAY RIVE DROITE;VIROFLAY RIVE DROITE;GARE DE VIROFLAY RIVE DROITE;Viroflay RD;Viroflay Rive Droite;1 Place de Stalingrad;78686;Viroflay;587642;2423038;48.8056300572, 2.16835422409;3;0
87384008;PARIS SAINT-LAZARE (GARE SAINT-LAZARE);PARIS SAINT-LAZARE;GARE ST LAZARE;;Paris Saint-Lazare;;75109;Paris;599136;2430783;48.875357836, 2.32473327749;1;0
87386409;HOUILLES CARRIERES SUR SEINE;HOUILLES CARRIERES SUR SEINE;GARE DE HOUILLES CARRIERES SUR SEINE;Houilles-C.;Houilles - Carrières-sur-Seine;Place André Malraux (Rond point);78311;Houilles;588854;2435854;48.9208344027, 2.18450665388;4;0
87386680;LES MUREAUX;LES MUREAUX;GARE DES MUREAUX;Les Mureaux;Les Mureaux;Place du 8 Mai 1945 78130 Les Mureaux;78440;Les Mureaux;568991;2443920;48.9926654868, 1.9130448593;5;0
87391003;PARIS MONTPARNASSE (GARE MONTPARNASSE);PARIS MONTPARNASSE;GARE MONTPARNASSE;;Paris Montparnasse;Place Raoul Dautry;75114;Paris;598749;2426905;48.8405039394, 2.3194723448;1;0
87391565;CLAMART;CLAMART;GARE DE CLAMART;Clamart;Clamart;Place de la Gare 92140 Clamart;92023;Clamart;595337;2423945;48.8138845157, 2.27304791512;2;0
87393066;JAVEL;JAVEL;JAVEL;Javel;Javel;Rond point du Pont Mirabeau 75015   Paris;75115;Paris;595620;2427536;48.8461610853, 2.27686168157;1;0
87393165;PORCHEFONTAINE;PORCHEFONTAINE;GARE DE PORCHEFONTAINE;Porchefont.;Porchefontaine;Avenue de Porchefontaine 78000   Versailles;78646;Versailles;586563;2422066;48.7968721628, 2.15370348977;4;0
87393256;LA VERRIERE;LA VERRIERE;GARE DE LA VERRIERE;La Verriere;La Verrière;Avenue Guy Schuler 78320 La Verrières;78644;La Verrière;571114;2417530;48.7555931459, 1.943839859;5;0
87393348;GAZERAN;GAZERAN;GARE DE GAZERAN;;Gazeran;Rue du Château d'Eau 78125 Gazeran;78269;Gazeran;558278;2403186;48.6259584399, 1.77076179071;5;0
87393439;GARANCIERES LA QUEUE;GARANCIERES LA QUEUE;GARE DE GARANCIERES LA QUEUE;Garancières;Garancières - La Queue-les-Yvelines;Place de la gare 78890 Garancière la Queue;78265;Garancières;557992;2423706;48.8103771718, 1.7648574661;5;0
87393454;TACOIGNIERES RICHEBOURG;TACOIGNIERES RICHEBOURG;GARE DE TACOIGNIERES RICHEBOURG;Tacoignières;Tacoignières - Richebourg;Rue de la Gare 78910 Tacoignières;78605;Tacoignières;550990;2425899;48.8295900385, 1.66932426561;5;0
87393512;JOUY EN JOSAS;JOUY EN JOSAS;GARE DE JOUY EN JOSAS;Jouy en J.;Jouy-en-Josas;Avenue Jean Jaurès 78350   Jouy-en-Josas;78322;Jouy-en-Josas;587274;2418511;48.7649345138, 2.16348314333;4;0
87393645;GRAVIGNY BALIZY;GRAVIGNY BALIZY;GARE DE GRAVIGNY BALIZY;Gravigny B.;Gravigny Balizy;Rue des Templiers 91160   Longjumeau;91345;Longjumeau;598612;2409631;48.6852431878, 2.31766558108;4;0
87393884;VILLIERS NEAUPHLE PONTCHARTRAIN;VILLIERS NEAUPHLE PONTCHARTRAIN;GARE DE VILLIERS NEAUPHLE PONTCHARTRAIN;Villiers N.;Villiers-Saint-Fréderic - Neauphle-le-Château - Jouars-Pontchartrain;Place de la Gare 78640 Villiers Saint Frédérique;78683;Villiers-Saint-Fréderic;566250;2424213;48.8154213377, 1.87718983087;5;0
87394007;CHARTRES;Chartres;GARE DE CHARTRES;;Chartres;;28085;Chartres;536548;2383484;48.4470815286, 1.47904112441;100;0
87415604;VERNON;VERNON;GARE DE VERNON;;Vernon;;27681;Vernon;537281;2455154;49.0912857364, 1.47836264478;100;0
87430918;JOUY SUR MORIN CHAMPGOULIN;JOUY SUR MORIN CHAMPGOULIN;CHAMPGOULIN;;Jouy-sur-Morin Champgoulin;;77240;Jouy-sur-Morin;667619;2421868;48.7916835759, 3.25635379317;5;0
87543181;BOULAINVILLIERS;BOULAINVILLIERS;BOULAINVILLIERS;Boulainvill.;Boulainvilliers;52, Rue des Vignes 75016   Paris;75116;Paris;595474;2428756;48.8571247692, 2.27486035986;1;0
87545111;MONNERVILLE;MONNERVILLE;GARE DE MONNERVILLE;;Monnerville;;91414;Monnerville;577441;2372197;48.3483286088, 2.03223751007;5;0
87545160;LARDY;LARDY;GARE DE LARDY;Lardy;Lardy;Rue de la Roche qui Tourne 91510   Lardy;91330;Lardy;594004;2391348;48.5208671409, 2.25536941021;5;0
87545236;SAVIGNY SUR ORGE;SAVIGNY SUR ORGE;GARE DE SAVIGNY SUR ORGE;Savigny / O;Savigny-sur-Orge;Place de la Gare 91600   Savigny-sur-Orge;91589;Savigny-sur-Orge;601128;2408603;48.6760035539, 2.35181832836;4;0
87545285;CHOISY LE ROI;CHOISY LE ROI;GARE DE CHOISY LE ROI;Choisy le R.;Choisy-le-Roi;Avenue du 8 mai 45 94600   Choisy-le-Roi;94022;Choisy-le-Roi;605477;2418471;48.7646791205, 2.41097222313;3;0
87545483;BREUILLETBRUYERES LE CHATEL;BREUILLETBRUYERES LE CHATEL;GARE DE BREUILLET BRUYERES LE CHATEL;Breuillet b.;Breuillet - Bruyères-le-Châtel;Route d'Arpajon 91650   Breuillet;91105;Breuillet;589318;2397612;48.577116663, 2.19179929447;5;0
87545707;VOVES;VOVES;GARE DE VOVES;Yerres;Voves;;28422;Voves;546965;2364236;48.274974514, 1.62217099624;100;0
87545756;CHATEAUDUN;CHATEAUDUN;GARE DE CHATEAUDUN;;Châteaudun;;28088;Châteaudun;525615;2342050;48.0734020797, 1.33842596776;100;0
87546317;CHEMIN D'ANTONY;CHEMIN D'ANTONY;GARE DE CHEMIN D ANTONY;Chemin d'A.;Chemin d'Antony;Rue Lavoisier 92160   Antony;92002;Antony;598225;2416624;48.7480982614, 2.31238192134;4;0
87681304;VIGNEUX SUR SEINE;VIGNEUX SUR SEINE;GARE DE VIGNEUX SUR SEINE;Vigneux;Vigneux-sur-Seine;Place Robert Lakota 91270 Vigneux Sur Seine;91657;Vigneux-sur-Seine;605738;2412198;48.708293361, 2.41443702418;4;0
87681361;EVRY - Val de Seine;EVRY - Val de Seine;GARE D'EVRY;Evry;Évry;Avenue du Gl Patton 91000 Evry;91228;Evry;608516;2403998;48.6345552996, 2.45200315248;5;0
87681387;EVRY COURCOURONNES - Centre;EVRY COURCOURONNES - Centre;GARE D'EVRY COURCOURONNES;Evry Courc.;Évry - Courcouronnes;Place des droits de L'homme 91000 Evry;91228;Evry;606801;2403012;48.6257123657, 2.42872870052;5;0
87681452;LA FERTE ALAIS;LA FERTE ALAIS;GARE DE LA FERTE ALAIS;Ferté Alais;La Ferté-Alais;14 Avenue G. Leclerc 91590 La Fertais Alais;91232;La Ferté-Alais;601125;2387328;48.4847554433, 2.35172443157;5;0
87681635;LE COUDRAY MONTCEAUX;LE COUDRAY MONTCEAUX;GARE DE COUDRAY MONTCEAUX;Coudray Mont;Le Coudray-Montceaux;Avenue du Coudray, Place de la Gare 91830 Le Coudray Montceaux;91179;Le Coudray-Montceaux;611535;2396417;48.5663615548, 2.4927434828;5;0
87682104;MONTGERON CROSNE;MONTGERON CROSNE;GARE DE MONTGERON CROSNE;Montgeron C.;Montgeron - Crosne;Place Joseph Piette;91421;Montgeron;609261;2412174;48.7080369018, 2.46228325227;4;0
87682138;BOUSSY SAINT-ANTOINE;BOUSSY SAINT-ANTOINE;GARE DE BOUSSY ST ANTOINE;Boussy St A.;Boussy-Saint-Antoine;Rue de la Gare 91800;91097;Boussy-Saint-Antoine;614473;2409174;48.6809756297, 2.53296680371;5;0
87682187;SAVIGNY LE TEMPLE NANDY;SAVIGNY LE TEMPLE NANDY;GARE DE SAVIGNY LE TEMPLE NANDY;Savigny le T;Savigny-le-Temple - Nandy;Avenue Jean Moulin 77547 Savigny le Temple;77445;Savigny-le-Temple;618199;2399672;48.5954687946, 2.5831402916;5;0
87682401;LIVRY SUR SEINE;LIVRY SUR SEINE;GARE DE LIVRY SUR SEINE;;Livry-sur-Seine;Rue de Melun 77000 Livry-sur- Seine;77255;Livry-sur-Seine;625330;2390205;48.5101258788, 2.67921963213;5;0
87682450;CHAMPAGNE SUR SEINE;CHAMPAGNE SUR SEINE;GARE DE CHAMPAGNE SUR SEINE;;Champagne-sur-Seine;Place de l'Europe 77430 Champagne-sur-Seine;77079;Champagne-sur-Seine;634267;2378733;48.4065817182, 2.79922050049;5;0
87683003;SENS;SENS;GARE DE SENS;;Sens;;89387;Sens;669207;2355847;48.198038068, 3.26732685561;100;0
87683219;VILLENEUVE SUR YONNE;VILLENEUVE SUR YONNE;GARE DE VILLENEUVE SUR YONNE;;Villeneuve-sur-Yonne;;89464;Villeneuve-sur-Yonne;670766;2343287;48.0849399517, 3.28625332401;100;0
87683243;JOIGNY;JOIGNY;GARE DE JOIGNY;;Joigny;;89206;Joigny;678960;2331004;47.973553839, 3.39399460049;100;0
87684126;NEMOURS SAINT-PIERRE;NEMOURS SAINT-PIERRE;GARE DE NEMOURS ST PIERRE;;Saint-Pierre-lès-Nemours;1 Bis Avenue Carnot 77140 Saint-Pierre-les-Nemours;77431;Saint-Pierre-lès-Nemours;625925;2363266;48.2679088703, 2.68565411114;5;0
87686030;PARIS GARE DE LYON;PARIS GARE DE LYON;GARE DE LYON RER D;Gare de Lyon;Paris Gare de Lyon Banlieue;;75112;Paris;602748;2427502;48.8458651759, 2.37392601967;1;0
87758003;CHARLES DE GAULLE ETOILE;CHARLES DE GAULLE ETOILE;CHARLES DE GAULLE ETOILE;;Charles-de-Gaulle Étoile;;75108;Paris;597340;2430815;48.8756403455, 2.30026252375;1;1
87758029;NANTERRE PREFECTURE;NANTERRE PREFECTURE;GARE DE NANTERRE PREFECTURE;;Nanterre Préfecture;;92050;Nanterre;591683;2433045;48.895632969, 2.22314127514;3;1
87758078;LE VESINET CENTRE;LE VESINET CENTRE;GARE DU VESINET CENTRE;;Le Vésinet;;78650;Le Vésinet;585192;2432465;48.8903029033, 2.13468726683;4;1
87758144;JOINVILLE LE PONT;JOINVILLE LE PONT;GARE DE JOINVILLE LE PONT;;Joinville-le-Pont;;94042;Joinville-le-Pont;609353;2424744;48.8210157404, 2.46380759996;3;1
87758193;SUCY BONNEUIL;SUCY BONNEUIL;GARE DE SUCY BONNEUIL;;Sucy-en-Brie - Bonneuil-sur-Marne;;94071;Sucy-en-Brie;612617;2419185;48.7709967645, 2.50806859096;4;1
87758367;LOGNES;LOGNES;GARE DE LOGNES;;Lognes;;77258;Lognes;621858;2426771;48.8389308762, 2.6341133067;5;1
87758623;PORT ROYAL;Port Royal;PORT ROYAL;;Port Royal;;75106;Paris;600012;2426830;48.839831199, 2.33666920248;1;1
87758649;CITE UNIVERSITAIRE;Cité Universitaire;CITE UNIVERSITAIRE;;Cité Universitaire;;75114;Paris;600296;2424618;48.8199505249, 2.34053480316;1;1
87758698;BOURG LA REINE;BOURG LA REINE;GARE DE BOURG LA REINE;;Bourg-la-Reine;;92014;Bourg-la-Reine;598276;2420187;48.7801229868, 2.31306019095;3;1
87111278;PORTE DE CLICHY;PORTE DE CLICHY;PORTE DE CLICHY;P. de Clichy;Porte de Clichy;190 ter, Avenue de Clichy 75017   Paris;75117;Paris;598379;2432865;48.8940677111, 2.31441088724;1;0
87113472;LE RAINCY VILLEMOMBLE MONTFERMEIL;LE RAINCY VILLEMOMBLE MONTFERMEIL;GARE DU RAINCY VILLEMOMBLE;Le Raincy;Le Raincy - Villemomble - Montfermeil;Cour de la gare 93340 Le Raincy;93062;Le Raincy;612881;2432346;48.8892773749, 2.51205637004;4;0
87113779;LES BOULLEREAUX CHAMPIGNY;LES BOULLEREAUX CHAMPIGNY;GARE DES BOULLEREAUX CHAMPIGNY;Boullereaux;Les Boullereaux Champigny;Avenue Danielle Casanova 94500 Champigny sur Marne;94017;Champigny-sur-Marne;612900;2425186;48.8249271629, 2.51209824083;3;0
87113860;GARGAN (T4);GARGAN;GARGAN;;Livry-Gargan;Boulevard Louis Pasteur 93320 Les Pavillons sous Bois;93057;Livry-Gargan;613259;2434455;48.9082235013, 2.51727383269;4;0
87113886;L'ABBAYE (T4);L'ABBAYE;L ABBAYE;;L'Abbaye;Avenue de la Gare de l'Abbaye, 93600 Livry-Gargan;93046;Livry-Gargan;613225;2436020;48.922288819, 2.51685904559;4;0
87116038;ROISSY EN BRIE;ROISSY EN BRIE;GARE DE ROISSY EN BRIE;Roissy en B.;Roissy-en-Brie;Place de la gare 77680 Roissy-en-Brie;77390;Roissy-en-Brie;623033;2421933;48.7954076773, 2.64984936854;5;0
87116137;LONGUEVILLE;LONGUEVILLE;GARE DE LONGUEVILLE;Longueville;Longueville;Rue de Verdun 77650 Longueville;77260;Longueville;667488;2390918;48.5135111491, 3.24968452995;5;0
87116244;MORTCERF;MORTCERF;GARE DE MORTCERF;;Mortcerf;AVENUE DE LA GARE 77163 MORTCERF;77318;Mortcerf;641992;2421365;48.7893454005, 2.90770615404;5;0
87116277;FAREMOUTIERS POMMEUSE;FAREMOUTIERS POMMEUSE;GARE DE FAREMOUTIERS POMMEUSE;;Faremoutiers - Pommeuse;avenue de la Bilbauderie 77515 Pommeuse;77371;Pommeuse;648258;2423549;48.8085349039, 2.99318415513;5;0
87116327;ESBLY;ESBLY;GARE D'ESBLY;Esbly;Esbly;;77171;Esbly;634794;2433973;48.9030870706, 2.81083070974;5;0
87116491;TRILPORT;TRILPORT;GARE DE TRILPORT;Trilport;Trilport;;77475;Trilport;644906;2440384;48.9600729681, 2.94935724218;5;0
87116574;CHEZY SUR MARNE;CHEZY SUR MARNE;GARE DE CHEZY SUR MARNE;;Chézy-sur-Marne;;2186;Chézy-sur-Marne;675262;2444237;48.9918518743, 3.36428923528;100;0
87116731;COUILLY SAINT-GERMAIN QUINCY;COUILLY SAINT-GERMAIN QUINCY;GARE DE COUILLY ST GERMAIN QUINCY;;Couilly-Pont-aux-Dames - Saint-Germain-sur-Morin - Quincy-Voisin;Place de la Gare 77860 Saint-Germain-sur-Morin;77413;Saint-Germain-sur-Morin;637980;2431719;48.8826500019, 2.85406030652;5;0
87271015;SAINT-DENIS;SAINT-DENIS;GARE DE ST DENIS;St Denis;Saint-Denis;Rue Ambroise Croizat 93200 St Denis;93066;Saint-Denis;600696;2437396;48.9347897043, 2.34599834644;3;0
87271031;PARIS NORD (GARE DU NORD);PARIS NORD;GARE DU NORD SURFACE;Gare du Nord;Gare du Nord Surface;;75110;Paris;601529;2431239;48.8794550008, 2.35733955798;1;0
87271205;GENNEVILLIERS;GENNEVILLIERS;GARE DE GENNEVILLIERS;Gennevill.;Gennevilliers;;92036;Gennevilliers;597844;2437276;48.9337077898, 2.30709579749;3;0
87271437;VERT GALANT;VERT GALANT;GARE DE VERT GALANT;Vert Galant;Vert Galant;3, Place de la Gare, 93420 Villepinte;93078;Villepinte;616874;2438511;48.944589686, 2.56672079041;4;0
87271486;PARC DES EXPOSITIONS;PARC DES EXPOSITIONS;GARE DE PARC DES EXPOSITIONS;Parc Expo;Parc des expositions;Avenue des Nations, 93420 Villepinte;93078;Villepinte;613017;2441735;48.9736522285, 2.51419793524;4;0
87271528;MITRY CLAYE;MITRY CLAYE;GARE DE MITRY CLAYE;Mitry-Claye;Mitry-Claye;Rue Jean Caille, 77290, Mitry Mory;77294;Mitry-Mory;622413;2441999;48.9757656753, 2.64247497956;5;0
87271593;CREPY EN VALOIS;CREPY EN VALOIS;GARE DE CREPY EN VALOIS;;Crépy-en-Valois;;60176;Crépy-en-Valois;640231;2470526;49.231220388, 2.88844224326;100;0
87276030;CHAMP DE COURSES D'ENGHIEN;CHAMP DE COURSES D'ENGHIEN;GARE DE CHAMP DE COURSES D ENGHIEN;C. Courses;Champ de Courses d'Enghien;Chaussée Jules César 95230 Soisy-sous-Montmorency;95598;Soisy-sous-Montmorency;596725;2442406;48.9798046558, 2.29179173933;4;0
87276097;PIERRELAYE;PIERRELAYE;GARE DE PIERRELAYE;Pierrelaye;Pierrelaye;Place du 8 Mai 1945 95480 Pierrelaye;95488;Pierrelaye;586613;2446838;49.0194997296, 2.15359623504;5;0
87276113;CHANTILLY GOUVIEUX;CHANTILLY GOUVIEUX;GARE DE CHANTILLY GOUVIEUX;;Chantilly - Gouvieux;;60141;Chantilly;608978;2465468;49.1869791522, 2.45956612376;100;0
87276170;SAINT-GRATIEN;SAINT-GRATIEN;GARE DE ST GRATIEN;St Gratien;Saint-Gratien;Rue de Verdun 95210 Saint-Gratien;95555;Saint-Gratien;596214;2440627;48.9638146849, 2.28483149536;5;0
87276261;SURVILLIERS FOSSES;SURVILLIERS FOSSES;GARE DE SURVILLIERS FOSSES;Survilliers;Survilliers - Fosses;Place Jean Moulin 95470 Survilliers;95250;Fosses;613809;2455750;49.0995751583, 2.52546755625;5;0
87276386;SARCELLES SAINT-BRICE;SARCELLES SAINT-BRICE;GARE DE SARCELLES ST BRICE;Sarcelles;Sarcelles - Saint-Brice-sous-Forêt;Boulevard du Docteur Galvani / Place de la Gare;95539;Saint-Brice-sous-Foret;602339;2444129;48.9952928969, 2.36844640671;4;0
87276469;PERSAN BEAUMONT;PERSAN BEAUMONT;GARE DE PERSAN BEAUMONT;Persan B.;Persan - Beaumont-sur-Oise;Avenue de la Gare 95340 Persan;95487;Persan;595830;2461141;49.1481493422, 2.27938439623;5;0
87276527;L'ISLE ADAM PARMAIN;L'ISLE ADAM PARMAIN;GARE DE L ISLE ADAM PARMAIN;L'Isle Adam;L'Isle-Adam - Parmain;Rue Raymond Poincaré, 95290 Parmain;95480;Parmain;590727;2457350;49.1140318769, 2.20957249819;5;0
87276543;AUVERS SUR OISE;AUVERS SUR OISE;GARE D'AUVERS SUR OISE;Auvers / O.;Auvers-sur-Oise;Rue du Général De Gaulle, 95430 Auvers S/Oise;95039;Auvers-sur-Oise;588213;2452522;49.070607684, 2.17529699034;5;0
87276592;GROS NOYER SAINT-PRIX;GROS NOYER SAINT-PRIX;GARE DE GROS NOYER ST PRIX;Gros Noyer;Gros Noyer Saint-Prix;Rue du gros Noyer 95120 Ermont;95219;Ermont;594300;2444335;48.9971223075, 2.25865802489;4;0
87276675;MERIEL;MERIEL;GARE DE MERIEL;Mériel;Mériel;Rue Théodore Rousseau 95630 Meriel;95392;Mériel;590413;2453324;49.0778512192, 2.20536692885;5;0
87332932;MONDESIR;MONDESIR;MONDESIR;;Guillerval Mondésir;;91294;Guillerval;581144;2374705;48.370995806, 2.08207328137;5;0
87332957;ROUTE DE MONNERVILLE;ROUTE DE MONNERVILLE;ROUTE DE MONNERVILLE;;Pussay Route de Monnerville;;91511;Pussay;574815;2372206;48.3483125853, 1.9968179759;5;0
87366922;SAINT-GERMAIN EN LAYE BEL AIR FOURQUEUX;SAINT-GERMAIN EN LAYE BEL AIR FOURQUEUX;GARE DE ST GERMAIN BEL AIR FOURQUEUX;St Germain B;Saint-Germain-en-Laye Bel-Air - Fourqueux;Place du Préfet Claude Erignac 78100 Saint Germain en Laye;78551;Saint-Germain-en-Laye;580590;2433004;48.8950238658, 2.07194236158;4;0
87381095;LE STADE;LE STADE;GARE DU STADE;Le Stade;Le Stade;Boulevard de Finlande 92700 Colombes;92025;Colombes;594445;2437035;48.9315212251, 2.26073536363;3;0
87381152;BOISSY L'AILLERIE;BOISSY L'AILLERIE;GARE DE BOISSY L AILLERIE;Boissy l'A.;Boissy-l'Aillerie;Rue de la Gare 95650 Boissy l'Aillerie;95078;Boissy-l'Aillerie;577252;2453130;49.0757741194, 2.02535654106;5;0
87381228;CHAUMONT EN VEXIN;CHAUMONT EN VEXIN;GARE DE CHAUMONT EN VEXIN;;Chaumont-en-Vexin;;60143;Chaumont-en-Vexin;566143;2473846;49.2614118567, 1.8717330089;100;0
87381459;CONFLANS FIN D'OISE;CONFLANS FIN D'OISE;GARE DE CONFLANS FIN D'OISE;Conflans FO;Conflans Fin d'Oise;Place Geoges Clémenceau;78172;Conflans-Sainte-Honorine;580817;2443481;48.9891848652, 2.07455911528;5;0
87381483;MAURECOURT;MAURECOURT;GARE DE MAURECOURT;Maurécourt;Maurecourt;Rue de Bel Air 78570 Andrésy;78015;Andrésy;579728;2443253;48.9871023339, 2.05969989674;5;0
87381574;ISSOU PORCHEVILLE;ISSOU PORCHEVILLE;GARE D'ISSOU PORCHEVILLE;Issou Porch.;Issou - Porcheville;Rue de la Gare 78440 Issou;78314;Issou;559608;2442490;48.9792913425, 1.7850515873;5;0
87381731;NEZEL AULNAY;NEZEL AULNAY;GARE DE NEZEL AULNAY;Nezel Aulnay;Nézel - Aulnay-sur-Mauldre;Place de la gare 78410 Nézel;78451;Nézel;563642;2437937;48.9386178404, 1.84051710634;5;0
87381830;MEULAN HARDRICOURT;MEULAN HARDRICOURT;GARE DE MEULAN HARDRICOURT;Meulan H;Meulan-en-Yvelines - Hardricourt;Avenue de la Gare 78250 Meulan Hardricourt;78299;Hardricourt;568182;2445379;49.005736642, 1.90188702143;5;0
87381863;CORMEILLES EN PARISIS;CORMEILLES EN PARISIS;GARE DE CORMEILLES EN PARISIS;Cormeilles;Cormeilles-en-Parisis;1 Place Pierre Sémard 95240 Cormeilles en Parisis;95176;Cormeilles-en-Parisis;589514;2441174;48.9686551718, 2.19337424669;4;0
87382002;BECON LESBRUYERES;BECON LES BRUYERES;GARE DE BECON LES BRUYERES;Bécon-Les-B.;Bécon les Bruyères;Rue Madira - 92400 Courbevoie;92026;Courbevoie;595017;2434148;48.9055805862, 2.26857173893;3;0
87382358;SAINT-CLOUD;SAINT-CLOUD;GARE DE ST CLOUD;St Cloud;Saint-Cloud;42 Rue Dailly 92210 Saint Cloud;92064;Saint-Cloud;591217;2427340;48.8443540357, 2.21690859829;3;0
87382440;BOUGIVAL;BOUGIVAL;GARE DE BOUGIVAL;Bougival;Bougival;Place Maréchal Leclerc 78170 La Celle-Saint-Cloud;78126;La Celle-Saint-Cloud;585002;2428451;48.8542235026, 2.13224046835;4;0
87382465;MARLY LE ROI;MARLY LE ROI;GARE DE MARLY LE ROI;Marly-le-Roi;Marly-le-Roi;Rue Carnot 78160 Marly le Roi;78372;Marly-le-Roi;582393;2430364;48.8713498332, 2.09662765703;4;0
87382804;SAINT-GERMAIN EN LAYE GRANDE CEINTURE;SAINT-GERMAIN EN LAYE GRANDE CEINTURE;GARE DE ST GERMAIN GRANDE CEINTURE;St GermainGC;Saint-Germain-en-Laye Grande Ceinture;Place Christiane Frahier 78100 St Germain en Laye;78551;Saint-Germain-en-Laye;580680;2433912;48.9031868487, 2.07312748284;4;0
87386003;LA GARENNE COLOMBES;LA GARENNE COLOMBES;GARE DE LA GARENNE COLOMBES;La Garenne;La Garenne-Colombes;;92035;La Garenne-Colombes;592916;2434579;48.9094340652, 2.23992160213;3;0
87386417;SARTROUVILLE;SARTROUVILLE;GARE DE SARTROUVILLE;Sartrouville;Sartrouville;Places des fusillés par la rue Lamartine;78586;Sartrouville;586857;2437743;48.9377726159, 2.15721464809;4;0
87386730;AUBERGENVILLE ELISABETHVILLE;AUBERGENVILLE ELISABETHVILLE;GARE D'AUBERGENVILLE ELISABETHVILLE;Aubergenvill;Aubergenville Élisabethville;Rue de la Gare 78410 Aubergenville;78029;Aubergenville;564248;2441642;48.9719470473, 1.84846949108;5;0
87391532;VANVES MALAKOFF;VANVES MALAKOFF;GARE DE VANVES MALAKOFF;Vanves;Vanves - Malakoff;Place Albert Culot 92170 Vanves;92075;Vanves;596696;2424460;48.8185217339, 2.29153832055;2;0
87393009;VERSAILLES CHANTIERS;VERSAILLES CHANTIERS;GARE DE VERSAILLES CHANTIERS;VersaillesCh;Versailles Chantier;4 Rue de l'Abbé Rousseau 78000 Versailles;78646;Versailles;585222;2421924;48.7955663445, 2.13546496397;4;0
87393074;ISSY;ISSY;GARE D'ISSY;Issy;Issy-les-Moulineaux;87, Avenue de Verdun 92130   Issy-les-Moulineaux;92040;Issy-les-Moulineaux;594329;2424633;48.8200598727, 2.25932087481;2;0
87393173;CHAVILLE VELIZY;CHAVILLE VELIZY;GARE DE CHAVILLE VELIZY;Chaville V.;Chaville - Vélizy-Villacoublay;1, Place de Verdun 78140   Viroflay;78686;Viroflay;588788;2422385;48.7997821325, 2.18396483387;3;0
87393272;COIGNIERES;COIGNIERES;GARE DE COIGNIERES;Coignières;Coignières;Rue de la Gare 78310 Coignières;78168;Coignières;569410;2416213;48.7436769393, 1.92077150693;5;0
87393298;LE PERRAY;LE PERRAY;GARE DU PERRAY;Le Perray;Le Perray-en-Yvelines;Place de la Gare 78610 Le Perray en Yvelines;78486;Le Perray-en-Yvelines;564634;2410556;48.6925852309, 1.85633484373;5;0
87393363;BEYNES;BEYNES;GARE DE BEYNES;Beynes;Beynes;16 Avenue de la Gare 78650 Beynes;78062;Beynes;566180;2429101;48.8593481468, 1.87584668455;5;0
87393462;HOUDAN;HOUDAN;GARE DE HOUDAN;Houdan;Houdan;Boulevard de la Gare 78550 Houdan;78310;Houdan;546028;2422206;48.7960015891, 1.60224956795;5;0
87393538;VAUBOYEN;VAUBOYEN;GARE DE VAUBOYEN;Vauboyen;Vauboyen;Rue de Vauboyen 78350   Jouy-en-Josas;78322;Jouy-en-Josas;589373;2417861;48.7591305371, 2.19203757667;4;0
87393579;MASSY PALAISEAU;MASSY PALAISEAU;GARE DE MASSY PALAISEAU RER C;Massy P.;Massy - Palaiseau;6, Place Pierre Sémard 91300   Massy;91377;Massy;594118;2414046;48.7249016766, 2.25659692368;4;0
87393652;PETIT VAUX;PETIT VAUX;GARE DE PETIT VAUX;Petit-Vaux;Petit Vaux;Rue du Petit Vaux  91360   Epinay-sur-Orge;91216;Epinay-sur-Orge;599818;2408616;48.6761212575, 2.33403789799;4;0
87394114;EPERNON;EPERNON;GARE D'EPERNON;;Épernon;;28140;Epernon;547684;2398510;48.5831533602, 1.62768739729;100;0
87415885;ROSNY SUR SEINE;ROSNY SUR SEINE;GARE DE ROSNY SUR SEINE;;Rosny-sur-Seine;Rue de la Gare 78710 Rosny Sur Seine;78531;Rosny-sur-Seine;548315;2444570;48.9971698871, 1.63062589505;5;0
87431791;ROUGEMONT CHANTELOUP (T4);ROUGEMONT CHANTELOUP;ROUGEMONT CHANTELOUP;;Rougemont Chanteloup;;93071;Sevran;613142;2436948;48.9306303553, 2.51575588791;4;0
87543207;AVENUE DU PRESIDENT KENNEDY - Maison de Radio France;AVENUE DU PRESIDENT KENNEDY - Maison de Radio France;AVENUE DU PRESIDENT KENNEDY;Av. Kennedy;Avenue du Président Kennedy Radio France;6, Rue du Ranelagh 75016   Paris;75116;Paris;595874;2428306;48.8530831497, 2.28031289395;1;0
87545129;GUILLERVAL;GUILLERVAL;GARE DE GUILLERVAL;;Guillerval;;91294;Guillerval;579491;2375083;48.3743438864, 2.05975019095;5;0
87545178;BOURAY;BOURAY;GARE DE BOURAY;Bouray;Bouray-sur-Juine;Paté de Lardy 91850  Lardy;91330;Lardy;596584;2392719;48.5332110052, 2.29027219707;5;0
87545244;JUVISY;JUVISY;GARE DE JUVISY;Juvisy;Juvisy-sur-Orge;;91326;Juvisy-sur-Orge;603440;2410102;48.6894695504, 2.38321063154;4;0
87545293;VITRY SUR SEINE;VITRY SUR SEINE;GARE DE VITRY SUR SEINE;Vitry /Seine;Vitry-sur-Seine;Cour de la Gare 94400   Vitry-sur-Seine;94081;Vitry-sur-Seine;604844;2422459;48.800528137, 2.40241090458;3;0
87545350;SAINT-MARTIN D'ETAMPES;SAINT-MARTIN D'ETAMPES;GARE DE ST MARTIN D ETAMPES;St Martin;Saint-Martin d'Étampes;Rue Salvador Allende 91150   Etampes;91223;Etampes;585838;2380987;48.427593794, 2.14520579403;5;0
87545491;BREUILLET VILLAGE;BREUILLET VILLAGE;GARE DE BREUILLET VILLAGE;Breuillet v.;Breuillet Village;Rue de la Gare 91650   Breuillet;91105;Breuillet;587814;2396256;48.5649002906, 2.17146323878;5;0
87546192;PONT DE RUNGIS Aéroport d'Orly;PONT DE RUNGIS Aéroport d'Orly;GARE DE PONT DE RUNGIS;Pont de R;Pont de Rungis Aéroport d'Orly;Avenue du Docteur Marie 94150   Thiais;94073;Thiais;602680;2416599;48.7478708023, 2.37293264591;4;0
87547026;PARIS AUSTERLITZ (GARE D'AUSTERLITZ);PARIS AUSTERLITZ;GARE D'AUSTERLITZ RER C;Paris Aust.;Paris Austerlitz RER C;;75113;Paris;602071;2427311;48.8441510423, 2.36470621178;1;0
87681312;VIRY CHATILLON;VIRY CHATILLON;GARE DE VIRY CHATILLON;Viry Chat.;Viry-Châtillon;Avenue du Général de Gaulle 91170 Viry Châtillon;91687;Viry-Châtillon;603677;2408612;48.6760751629, 2.38641557346;4;0
87681379;GRIGNY CENTRE;GRIGNY CENTRE;GARE DE GRIGNY CENTRE;Grigny;Grigny;Route de Corbeil 91350 Grigny centre;91286;Grigny;604390;2406107;48.6535538719, 2.39606757755;5;0
87681395;LE BRAS DE FER - Evry Génopole;LE BRAS DE FER - Evry Génopole;GARE DU BRAS DE FER;Bras de Fer;Le Bras de Fer;Place du Commandant Charcot / Bld des Coquibus 9100  Evry;91228;Evry;608432;2402739;48.6232392312, 2.45083926614;5;0
87681478;BOUTIGNY;BOUTIGNY;GARE DE BOUTIGNY;Boutigny;Boutigny;Place de la Gare 91820 Boutigny Sur Essonne;91099;Boutigny-sur-Essonne;602966;2381781;48.4348816689, 2.37658302485;5;0
87681809;VILLENEUVE TRIAGE;VILLENEUVE TRIAGE;GARE DE VILLENEUVE TRIAGE;Villeneuve T;Villeneuve-Saint-Georges Triage ->;2 Avenue de Choisy 94190 Villeneuve St Georges;94078;Villeneuve-Saint-Georges;607494;2416358;48.745666991, 2.43835838754;4;0
87682112;YERRES;YERRES;GARE DE YERRES;;Yerres;Place de la Gare 91330 Yerres;91691;Yerres;610814;2412035;48.7067634252, 2.48337131052;4;0
87682146;COMBS LA VILLE QUINCY;COMBS LA VILLE QUINCY;GARE DE COMBS LA VILLE QUINCY;Combs la V.;Combs-la-Ville - Quincy-sous-Sénart;Avenue de la Gare, 77380 Combs La Ville;77122;Combs-la-Ville;615562;2407644;48.6671976463, 2.54769338184;5;0
87682203;BOIS LE ROI;BOIS LE ROI;GARE DE BOIS LE ROI;;Bois-le-Roi;Rue de la gare 77590 Bois-le-Roi;77037;Bois-le-Roi;626292;2386365;48.4755666724, 2.69200060593;5;0
87682419;CHARTRETTES;CHARTRETTES;GARE DE CHARTRETTES;;Chartrettes;Avenue Galliéni 77770 Chartrettes;77096;Chartrettes;626512;2387650;48.4871097023, 2.69505424001;5;0
87682468;VERNOU SUR SEINE;VERNOU SUR SEINE;GARE DE VERNOU SUR SEINE;;Vernou-la-Celle-sur-Seine;route de montereau 77670 Vernou-le-Celle-sur-Seine;77494;Vernou-la-Celle-sur-Seine;637477;2376596;48.3871918594, 2.84237865621;5;0
87682500;VOSVES;VOSVES;GARE DE VOSVES;Vosves;Vosves;Rue de la Gare 77190 Dammarie Les Lys;77152;Dammarie-les-Lys;619406;2390722;48.5149781204, 2.59909325048;5;0
87683102;VILLENEUVE LA GUYARD;VILLENEUVE LA GUYARD;GARE DE VILLENEUVE LA GUYARD;;Villeneuve-la-Guyard;;89460;Villeneuve-la-Guyard;654518;2371804;48.3429016065, 3.07178315297;100;0
87683268;LAROCHE MIGENNES;LAROCHE MIGENNES;GARE DE LAROCHE MIGENNES;;Laroche-Saint-Cydroine - Migennes;;89257;Migennes;687862;2329718;47.9608533915, 3.51294069569;100;0
87684191;BAGNEAUX SUR LOING;BAGNEAUX SUR LOING;GARE DE BAGNEAUX SUR LOING;;Bagneaux-sur-Loing;Place de la gare 77167 Bagneaux-sur-Loing;77016;Bagneaux-sur-Loing;627251;2359136;48.230720823, 2.70325251947;5;0
87686667;PARIS BERCY (GARE DE BERCY);PARIS BERCY;GARE DE BERCY;;Paris Bercy;;75112;Paris;603374;2426818;48.8397147738, 2.38244508142;1;0
87758011;LA DEFENSE GRANDE ARCHE;LA DEFENSE GRANDE ARCHE;GARE DE LA DEFENSE RER A;;La Grande Arche de la Défense;;92062;;592742;2432654;48.8921319365, 2.23758257184;3;1
87758037;NANTERRE UNIVERSITE;NANTERRE UNIVERSITE;GARE DE NANTERRE UNIVERSITE RER A;;Nanterre Université;;92050;Nanterre;591099;2433704;48.9015475909, 2.21516720292;3;1
87758086;LE VESINETLE PECQ;LE VESINETLE PECQ;GARE DU VESINET LE PECQ;;Le Vésinet - Le Pecq;;78650;Le Vésinet;584282;2433353;48.8982617452, 2.12225185668;4;1
87758151;SAINT-MAUR CRETEIL;SAINT-MAUR CRETEIL;GARE DE ST MAUR CRETEIL;;Saint-Maur-des-Fossés - Créteil;;94068;Saint-Maur-des-Fossés;609981;2423111;48.8063293818, 2.4723169521;3;1
87758201;BOISSY SAINT-LEGER;BOISSY SAINT-LEGER;GARE DE BOISSY ST LEGER;;Boissy-Saint-Léger;;94004;Boissy-Saint-Léger;612421;2417187;48.7530423598, 2.50534535329;4;1
87758326;BRY SUR MARNE;BRY SUR MARNE;GARE DE BRY SUR MARNE;;Bry-sur-Marne;;94015;Bry-sur-Marne;613938;2427345;48.844309728, 2.5262979201;4;1
87758375;TORCY;TORCY;GARE DE TORCY;;Torcy;;77468;Torcy;623373;2426823;48.8393450116, 2.65474342419;5;1
87758656;GENTILLY;GENTILLY;GARE DE GENTILLY;;Gentilly;;94037;Gentilly;600331;2424086;48.8151690461, 2.34101082385;2;1
87758706;SCEAUX;SCEAUX;GARE DE SCEAUX;;Sceaux;;92071;Sceaux;597109;2420331;48.781412968, 2.29718793977;3;1
87758771;LES BACONNETS;LES BACONNETS;GARE DES BACONNETS;;Les Baconnets;;92002;Antony;596391;2415677;48.7395785722, 2.28746296112;4;1
87758847;ORSAY VILLE;ORSAY VILLE;GARE D'ORSAY VILLE;;Orsay;;91471;Orsay;588634;2411027;48.6976916156, 2.18217452645;5;1
87758896;SAINT-REMY LES CHEVREUSE;SAINT-REMY LES CHEVREUSE;GARE DE ST REMY LES CHEVREUSE;;Saint-Rémy-lès-Chevreuse;;78575;Saint-Rémy-lès-Chevreuse;580431;2411627;48.7028869861, 2.07076307637;5;1
87758854;BURES SUR YVETTE;BURES SUR YVETTE;GARE DE BURES SUR YVETTE;;Bures-sur-Yvette;;91122;Bures-sur-Yvette;587226;2410820;48.6958044781, 2.16306227518;5;1
87785436;SAINT-MICHEL NOTRE DAME;SAINT-MICHEL NOTRE DAME;ST MICHEL ND RER B;;Saint-Michel;;75104;Paris;600537;2428345;48.8534470903, 2.34381916735;1;1
87758888;COURCELLE SUR YVETTE;COURCELLE SUR YVETTE;GARE DE COURCELLE SUR YVETTE;;Courcelle sur Yvette;;91272;Gif-sur-Yvette;582513;2411404;48.7009426381, 2.09904538368;5;1
87758763;FONTAINE MICHALON;FONTAINE MICHALON;GARE DE FONTAINE MICHALON;;Fontaine Michalon;;92002;Antony;597063;2416078;48.7431863371, 2.29659224464;4;1
87758839;LE GUICHET;LE GUICHET;GARE DU GUICHET;;Le Guichet;;91471;Orsay;589312;2411829;48.7049120727, 2.19136051979;5;1
87758870;GIF SUR YVETTE;GIF SUR YVETTE;GARE DE GIF SUR YVETTE;;Gif-sur-Yvette;;91272;Gif-sur-Yvette;585285;2411110;48.6983695617, 2.13669740173;5;1
87988717;LYCEE HENRI SELLIER (T4);LYCEE HENRI SELLIER;LYCEE HENRI SELLIER;;Lycée Henri Sellier;;93046;Livry-Gargan;613090;2435392;48.9166477752, 2.51499863734;4;0
